,國別地區,中文片名,上映日期,申請人,出品,上映院數,銷售票數,週票數變動率,銷售金額,累計銷售票數,累計銷售金額,Week
114,美國,冰雪奇緣2,2019/11/21,台灣華特迪士尼股份有限公司,"BUENA VISTA INTERNATIONAL, INC.",84,"13,045",-65.53%,"3,179,462",1449532,"336,567,317",20200106
52,美國,小丑,2019/10/3,美商華納兄弟（遠東）股份有限公司台灣分公司,WARNER BROS. PICTURES INTERNATIONAL.,10,"2,198",-35.96%,"178,860",1389255,"331,001,885",20200106
430,美國,獅子王,2019/7/17,台灣華特迪士尼股份有限公司,"BUENA VISTA INTERNATIONAL, INC.",2,350,1.16%,"27,150",1320356,"314,895,682",20200106
197,中華民國,返校,2019/9/20,影一製作所股份有限公司,影一製作所股份有限公司##遊戲橘子數位科技股份有限公司##英屬維京群島商敦宜股份有限公司台灣分公司##樂到家國際娛樂股份有限公司##一條龍虎豹國際娛樂有限公司##財團法人臺中市影視發展基金會##高雄市電影館##美商華納兄弟（遠東）股份有限公司台灣分公司,9,"2,556",-18.29%,"203,975",1120671,"260,058,735",20200106
438,香港,葉問4：完結篇,2019/12/19,華映娛樂股份有限公司,東方影業出品有限公司,95,"63,159",-65.24%,"14,671,736",806294,"170,517,513",20200106
348,美國,野蠻遊戲：全面晉級,2019/12/4,美商台灣索尼影業發行股份有限公司台灣分公司,SONY PICTURES RELEASING INTERNATIONAL CORPORATION.,89,"16,926",-64.83%,"3,982,228",806110,"184,752,080",20200106
61,日本,天氣之子,2019/9/12,車庫娛樂股份有限公司,"TOHO CO., LTD.",1,12,0.00%,"5,534",691476,"164,859,605",20200106
110,美國,全面攻佔3: 天使救援,2019/8/21,海樂影業股份有限公司,"NU IMAGE,INC.",2,118,-62.78%,"6,865",637153,"147,432,557",20200106
311,南韓,寄生上流,2019/6/28,英屬蓋曼群島商威望國際娛樂股份有限公司台灣分公司,CJ ENM CO. LTD,3,185,0.00%,"42,790",629945,"146,155,448",20200106
409,美國,黑魔女2,2019/10/17,台灣華特迪士尼股份有限公司,"BUENA VISTA INTERNATIONAL, INC.",7,"1,499",18637.50%,"96,570",589257,"137,251,521",20200106
494,美國,雙子殺手,2019/10/23,美商美國派拉蒙影片股份有限公司台灣分公司,PARAMOUNT PICTURES CORPORATION,7,"1,177",9.49%,"120,070",552660,"132,409,111",20200106
385,美國,絕地戰警FOR LIFE,2020/1/16,美商台灣索尼影業發行股份有限公司台灣分公司,SONY PICTURES RELEASING INTERNATIONAL CORPORATION.,101,"182,000",0.65%,"43,755,249",543236,"86,534,259",20200120
105,南韓,白頭山：半島浩劫,2019/12/24,車庫娛樂股份有限公司,"CJ ENM CO., LTD.",71,"83,021",-51.23%,"19,383,972",497817,"90,806,587",20200106
516,美國,魔鬼終結者：黑暗宿命,2019/11/7,博偉電影股份有限公司,"BUENA VISTA INTERNATIONAL, INC.",3,472,0.00%,"50,140",379296,"87,665,469",20200113
25,美國,STAR WARS : 天行者的崛起,2019/12/18,台灣華特迪士尼股份有限公司,"BUENA VISTA INTERNATIONAL, INC.",98,"15,959",-68.32%,"4,071,591",324331,"79,480,857",20200106
166,美國,決戰中途島,2019/11/8,台北?喜電影發行股份有限公司,"BONA FILM INVESTMENT COMPANY (PACIFIC RIM, USA)",3,35,-79.04%,"7,765",317984,"72,438,966",20200106
485,美國,賽道狂人,2019/11/26,博偉電影股份有限公司,"BUENA VISTA INTERNATIONAL, INC.",43,"4,138",-59.59%,"1,127,464",314157,"76,514,740",20200106
164,美國,杜立德,2020/1/23,美商美國環球影片股份有限公司台灣分公司,UNIVERSAL INTERNATIONAL FILMS LLC,101,"141,378",27.42%,"33,995,357",290095,"60,935,325",20200127
282,日本,航海王：奪寶爭霸戰,2019/8/21,台北?喜電影發行股份有限公司,TOEI Animation Enterprises Limited,1,1,0.00%,420,224082,"54,057,373",20200106
524,美國,變身特務,2020/1/22,博偉電影股份有限公司,"BUENA VISTA INTERNATIONAL, INC.",97,"77,843",11.35%,"17,787,206",167411,"33,821,213",20200127
332,美國,深海終劫站,2020/1/22,博偉電影股份有限公司,"BUENA VISTA INTERNATIONAL, INC.",92,"76,248",6.43%,"17,507,644",167027,"33,838,554",20200127
0,美國,1917,2020/1/30,美商美國環球影片股份有限公司台灣分公司,UNIVERSAL INTERNATIONAL FILMS LLC,99,"87,858",11.05%,"21,348,303",166977,"40,909,261",20200203
466,美國,鋒迴路轉,2019/11/28,車庫娛樂股份有限公司,LIONS GATE INTERNATIONAL (UK) LIMITED,24,"1,760",-67.67%,"412,264",165790,"38,171,540",20200106
316,美國,從前，有個好萊塢,2019/7/24,台北?喜電影發行股份有限公司,"Bona Film Investment Company (Pacific RIM, USA)",3,64,0.00%,"15,192",157726,"37,496,267",20200106
8,南韓,82年生的金智英,2019/11/22,車庫娛樂股份有限公司,"LOTTE CULTUREWORKS CO., LTD.",18,"1,559",-61.28%,"361,755",138398,"32,238,994",20200106
491,美國,藍波:最後一滴血,2019/10/9,海樂影業股份有限公司,"MILLENNIUM MEDIA, INC.",3,180,-64.77%,"11,845",126828,"27,758,466",20200106
126,美國,安眠醫生,2019/11/8,美商華納兄弟（遠東）股份有限公司台灣分公司,WARNER BROS. PICTURES INTERNATIONAL.,3,375,0.00%,"21,895",125235,"29,420,969",20200106
506,美國,霹靂嬌娃,2019/12/27,美商台灣索尼影業發行股份有限公司台灣分公司,SONY PICTURES RELEASING INTERNATIONAL CORPORATION.,93,"20,688",-61.43%,"4,727,718",124727,"25,364,233",20200106
423,美國,弒婚遊戲,2019/10/9,博偉電影股份有限公司,"BUENA VISTA INTERNATIONAL, INC.",5,191,-70.66%,"14,285",119345,"26,726,487",20200106
394,中華民國,陽光普照,2019/11/1,本地風光電影股份有限公司,本地風光電影股份有限公司##華文創股份有限公司##捌捌玖電影股份有限公司##鏡文學股份有限公司##聯聯看娛樂文化有限公司,5,319,-53.36%,"74,805",110417,"26,126,277",20200106
87,美國,去年聖誕節,2019/12/6,美商美國環球影片股份有限公司台灣分公司,UNIVERSAL INTERNATIONAL FILMS LLC,13,477,-80.18%,"119,958",94285,"22,218,375",20200106
206,美國,阿達一族,2019/11/1,高雄市電影館,Park Circus Limited,6,684,0.00%,"74,425",89368,"20,104,140",20200113
452,美國,憤怒鳥玩電影2：冰的啦！,2019/8/14,美商台灣索尼影業發行股份有限公司台灣分公司,SONY PICTURES RELEASING INTERNATIONAL CORPORATION.,1,62,-61.01%,"4,960",88879,"19,636,631",20200106
174,美國,兔嘲男孩,2020/1/3,博偉電影股份有限公司,"BUENA VISTA INTERNATIONAL, INC.",65,"25,771",46.25%,"6,022,947",86374,"11,724,767",20200106
343,美國,紳士追殺令,2020/1/23,車庫娛樂股份有限公司,"MIRAMAX DISTRIBUTION SERVICES, LLC",65,"43,623",51.78%,"10,498,251",84559,"17,380,401",20200127
367,日本,普羅米亞,2019/8/16,中影股份有限公司,東寶株式會社,2,202,-50.73%,"67,095",76335,"21,018,001",20200106
249,美國,倒數計死,2019/12/27,采昌國際多媒體股份有限公司,"STX Productions, LLC",64,"14,385",-50.90%,"3,278,002",72602,"13,086,442",20200106
81,中華民國,出發,2019/5/31,牽猴子整合行銷股份有限公司,相知國際股份有限公司,1,109,0.00%,"21,255",69483,"15,451,386",20200106
124,美國,她們,2020/1/22,美商台灣索尼影業發行股份有限公司台灣分公司,SONY PICTURES RELEASING INTERNATIONAL CORPORATION.,49,"29,447",33.76%,"7,039,958",67126,"12,251,761",20200127
228,美國,屍樂園：髒比雙拼,2019/10/9,美商台灣索尼影業發行股份有限公司台灣分公司,SONY PICTURES RELEASING INTERNATIONAL CORPORATION.,1,97,-65.60%,"10,500",64046,"14,366,952",20200106
135,中華民國,你的情歌,2020/1/2,香港商甲上娛樂有限公司台灣分公司,奇想事企業有限公司##能率影業股份有限公司##香港商甲上娛樂有限公司台灣分公司 ##采昌國際多媒體股份有限公司  ##英屬維京群島商敦宜股份有限公司台灣分公司,2,785,0.00%,"200,100",61590,"226,940",20200113
195,香港,肥龍過江,2020/1/23,華映娛樂股份有限公司,星王朝有限公司##上海博納文化傳媒有限公司##博納影業集團股份有限公司##上海新文化影業有限公司##電視廣播有限公司##太陽娛樂文化有限公司##上海杠杠影視文化有限公司##霍爾果斯環星影視傳媒有限公司##上海優創影視文化有限公司,94,"28,320",0.02%,"6,263,943",60341,"12,560,304",20200127
353,中華民國,陪你很久很久,2019/10/25,威視股份有限公司,嘉揚電影有限公司##海寧鐵幕真文化傳媒有限公司##滿滿額娛樂股份有限公司##中環國際娛樂事業股份有限公司##貴金影業傳媒股份有限公司##思美傳媒股份有限公司##海寧夢生影視文化傳媒有限公司##北京喔沃娛樂文化傳媒有限公司##薩摩亞商羚邦亞洲有限公司台灣分公司Medialink (Asia) Limited Taiwan Branch,2,159,0.00%,"8,350",57027,"12,935,691",20200106
404,中華民國,黑熊來了,2019/12/13,牽猴子整合行銷股份有限公司,大麥影像傳播工作室,28,"4,736",-48.25%,"1,122,109",51427,"10,003,148",20200106
15,美國,CATS 貓,2019/12/24,美商美國環球影片股份有限公司台灣分公司,UNIVERSAL INTERNATIONAL FILMS LLC,90,"4,268",-75.20%,"996,140",50402,"11,410,027",20200106
245,美國,重磅腥聞,2020/1/10,車庫娛樂股份有限公司,LIONS GATE INTERNATIONAL (UK) LIMITED,67,"21,855",4.53%,"5,081,968",49725,"9,927,712",20200113
435,印度,萬萬沒想到,2019/11/15,英屬蓋曼群島商威望國際娛樂股份有限公司台灣分公司,"STAR INDIA PRIVATE LIMITED, Through its division, FOX STAR STUDIOS",1,20,0.00%,"1,840",48874,"10,893,754",20200120
384,日本,紫羅蘭永恆花園外傳–永遠與自動手記人偶–,2019/11/1,采昌國際多媒體股份有限公司,"ABC ANIMATION, INC.",3,123,547.37%,"31,101",46420,"11,277,831",20200106
57,美國,不完美的正義,2020/1/17,美商華納兄弟（遠東）股份有限公司台灣分公司,WARNER BROS. PICTURES INTERNATIONAL.,88,"18,428",7.23%,"4,255,613",46147,"8,189,288",20200120
131,中華民國,江湖無難事,2019/10/9,鹿路電影有限公司,上海愛美影視文化傳媒有限公司##滿滿額娛樂股份有限公司##華映娛樂股份有限公司##內容物數位電影製作有限公司##高雄人##鹿路電影有限公司##發條映?有限公司##百聿數碼創意股份有限公司,4,368,295.70%,"25,680",42566,"9,185,778",20200106
418,中華民國,傻傻愛你，傻傻愛我,2019/11/1,華映娛樂股份有限公司,華映娛樂股份有限公司##講故事有限公司##中環國際娛樂事業股份有限公司##星泰國際娛樂股份有限公司##樂到家國際娛樂股份有限公司##艾迪昇傳播事業有限公司##滿滿額娛樂股份有限公司##天際娛樂股份有限公司##劇龍製作有限公司,1,30,0.00%,"4,800",42296,"9,445,387",20200106
237,日本,為美好的世界獻上祝福！紅傳說,2019/11/15,向洋影業有限公司,株式?社KADOKAWA,3,43,-59.81%,"10,050",42201,"10,586,231",20200106
271,日本,海獸之子,2019/10/9,香港商甲上娛樂有限公司台灣分公司,株式會社 Beyond C.,1,16,-89.74%,"2,080",37450,"8,691,626",20200106
373,英國,無間行動,2019/9/27,星泰國際娛樂股份有限公司,Batrax Entertainment,3,616,1.48%,"35,485",36369,"7,788,082",20200106
47,美國,大說謊家,2019/12/13,美商華納兄弟（遠東）股份有限公司台灣分公司,WARNER BROS. PICTURES INTERNATIONAL.,6,104,-87.14%,"23,065",35291,"7,973,765",20200106
21,日本,HELLO WORLD,2019/11/15,車庫娛樂股份有限公司,"TOHO CO., LTD.",3,123,46.43%,"26,830",34959,"8,215,866",20200106
449,美國,舞孃騙很大,2019/9/12,英屬蓋曼群島商威望國際娛樂股份有限公司台灣分公司,"STX Productions, LLC",2,132,-71.67%,"6,975",32598,"7,053,904",20200106
454,美國,暴走曼哈頓,2019/11/29,英屬蓋曼群島商威望國際娛樂股份有限公司台灣分公司,"STX Productions, LLC",2,174,0.00%,"14,380",32511,"7,072,588",20200120
443,南韓,電影版 壞傢伙們,2019/10/9,車庫娛樂股份有限公司,"CJ ENM CO., LTD.",1,105,-56.61%,"8,220",29161,"6,503,853",20200106
190,中華民國,盲人律師,2019/10/18,春暉映像有限公司,牧風電影事業有限合夥,4,332,46.26%,"71,505",28385,"6,166,371",20200106
5,澳洲,108悍將,2019/10/4,台北?喜電影發行股份有限公司,Media Film International,3,349,-44.78%,"35,670",27435,"5,661,790",20200106
388,美國,絕鯊47：猛鯊出籠,2019/11/1,車庫娛樂股份有限公司,GEM ENTERTAINMENT KFT.,5,413,0.00%,"31,330",26839,"5,858,590",20200203
60,南韓,分秒幣爭,2018/11/30,華映娛樂股份有限公司,"CJ ENM CO., LTD",1,1,0.00%,100,22102,"4,929,376",20200127
263,美國,校外打怪教學,2019/9/27,英屬蓋曼群島商威望國際娛樂股份有限公司台灣分公司,PROTAGONIST PICTURES LIMITED,2,102,-60.62%,"7,665",21345,"4,584,975",20200106
101,美國,布魯克林孤兒,2019/11/29,美商華納兄弟（遠東）股份有限公司台灣分公司,WARNER BROS. PICTURES INTERNATIONAL.,1,74,0.00%,"5,740",21312,"4,655,174",20200113
321,美國,救火奶爸,2019/11/8,美商美國派拉蒙影片股份有限公司台灣分公司,PARAMOUNT PICTURES CORPORATION,6,444,0.00%,"35,185",20655,"4,503,077",20200127
480,美國,瞞天機密,2019/9/27,采昌國際多媒體股份有限公司,FILM & TV HOUSE LIMITED,2,227,-32.44%,"18,150",18263,"4,027,301",20200106
398,美國,黑色聖誕節,2019/12/13,美商美國環球影片股份有限公司台灣分公司,UNIVERSAL INTERNATIONAL FILMS LLC,2,10,-83.05%,"1,900",18123,"4,105,572",20200106
37,馬來西亞,夕霧花園,2019/11/29,香港商甲上娛樂有限公司台灣分公司,"CJ ENM CO.,LTD",1,37,-63.37%,"8,850",17500,"3,950,285",20200106
202,美國,金翅雀,2019/10/25,美商華納兄弟（遠東）股份有限公司台灣分公司,WARNER BROS. PICTURES INTERNATIONAL.,3,87,-81.88%,"10,680",17177,"3,604,213",20200106
266,義大利,海上鋼琴師,1998/1/1,海鵬影業有限公司,True Colours Glorious Films Srl,15,"3,229",-50.76%,"740,093",17019,"2,988,537",20200106
98,日本,巧虎電影 英雄遊樂園,2020/1/17,全民大劇團股份有限公司,法人倍樂生株式會社,17,"5,268",-13.50%,"1,263,118",16283,"2,693,423",20200120
359,中華民國,喜從天降,2020/1/23,影一製作所股份有限公司,影一製作所股份有限公司,35,"6,512",-26.43%,"1,460,012",15970,"3,522,839",20200127
240,南韓,紅鞋公主與七矮人,2020/1/30,可樂藝術文創股份有限公司,"FINECUT CO., LTD",44,"7,314",-13.52%,"1,690,822",15883,"3,674,938",20200203
213,日本,信用詐欺師JP,2019/9/27,傳影互動股份有限公司,PONY CANYON INC,1,30,0.00%,"4,800",15573,"3,540,167",20200113
381,西班牙,痛苦與榮耀,2019/8/2,傳影互動股份有限公司,BATRAX ENTERTAINMENT B.V.,1,14,0.00%,"2,960",14650,"2,968,282",20200120
475,法國,燃燒女子的畫像,2019/12/20,東昊影業有限公司,MK2 Films,10,"2,109",-39.05%,"463,425",14204,"2,312,274",20200106
513,美國,驅魔直播,2020/1/3,海樂影業股份有限公司,"THE CLEANSING HOUR, LLC.",43,"5,679",9.40%,"1,255,702",13409,"2,401,379",20200106
44,英國,大監獄行動,2020/1/10,台北?喜電影發行股份有限公司,Media Film International,39,"5,429",-20.16%,"1,194,183",13384,"2,698,335",20200113
471,日本,魯邦三世 THE FIRST,2020/1/10,向洋影業有限公司,株式?社?????????????,75,"5,800",17.58%,"1,297,808",13337,"2,405,473",20200113
414,香港,催眠 . 裁決,2019/11/15,香港商甲上娛樂有限公司台灣分公司,大河影業揚州有限公司##完美威秀娛樂（香港）有限公司##美亞電影製作有限公司##星門娛樂有限公司##耳東影業(北京)有限公司##北京太平盛世文化傳播股份有限公司##北京盛世影隆文化傳播有限公司##北京潤德澤鑫投資基金管理有限公司 ##中映華夏（北京）文化傳媒有限公司,1,64,88.24%,"9,820",12241,"2,765,944",20200106
149,美國,囧媽的極地任務,2019/9/27,車庫娛樂股份有限公司,METRO-GOLDWYN-MAYER STUDIOS INC.,4,281,384.48%,"32,090",11904,"2,302,096",20200106
257,美國,唐頓莊園,2019/9/20,美商美國環球影片股份有限公司台灣分公司,UNIVERSAL INTERNATIONAL FILMS LLC,1,56,-85.79%,"2,800",11381,"2,536,698",20200106
462,美國,熱氣球飛行家,2019/12/13,車庫娛樂股份有限公司,AMAZON CONTENT SERVICES LLC,2,22,-82.81%,"4,770",11130,"2,441,730",20200106
287,英國,茱蒂,2019/12/10,采昌國際多媒體股份有限公司,"PATHE FUND LIMITED, acting through its division PATHE INTERNATIONAL",10,998,-46.86%,"218,881",11020,"2,118,041",20200106
139,美國,別告訴她,2020/1/3,車庫娛樂股份有限公司,"A24 INTERNATIONAL, LLC",40,"4,629",44.39%,"1,025,995",10383,"1,740,609",20200106
397,美國,黑水風暴,2020/1/30,車庫娛樂股份有限公司,"STORYTELLER DISTRIBUTION CO., LLC",49,"4,145",-27.99%,"950,549",9901,"2,290,359",20200203
457,法國,潛艦追緝,2019/12/27,鴻聯國際開發股份有限公司,PATHE FILMS S.A.S,23,"1,341",-71.03%,"294,238",9679,"1,954,486",20200106
34,日本,人間失格：太宰治與他的3個女人,2019/12/6,車庫娛樂股份有限公司,"ASMIK ACE, INC.",3,74,-64.59%,"16,770",9388,"2,158,378",20200106
329,中華民國,殺手撿到槍,2020/1/23,星泰國際娛樂股份有限公司,滿滿額娛樂股份有限公司##華納集團,31,"3,981",-5.73%,"894,316",9359,"2,012,055",20200127
465,加拿大,衝擊真相,2019/9/12,威視股份有限公司,BANKSIDE FILMS LTD,1,57,-77.65%,"3,135",8944,"1,908,418",20200106
523,南韓,變身,2019/9/27,車庫娛樂股份有限公司,CONTENTS PANDA,1,13,0.00%,"2,900",8617,"1,952,946",20200120
235,中華民國,為你存在的每一天,2019/12/13,星泰國際娛樂股份有限公司,瑞陞傳播有限公司##星映電影有限公司,2,6,-99.31%,"1,310",8506,"1,828,253",20200106
95,日本,失憶的總理大臣,2019/10/25,傳影互動股份有限公司,PONY CANYON INC,2,114,-8.06%,"17,140",7866,"1,715,297",20200106
483,美國,穆荷蘭大道,2017/9/29,東昊影業有限公司,(法國)STUDIOCANAL S.A.S,1,14,600.00%,"2,800",7836,"1,677,500",20200106
146,德國,呆萌特務,2019/12/6,木棉花國際股份有限公司,Telepool GmbH,4,52,-67.09%,"11,125",7544,"1,625,295",20200106
241,中華民國,重甲機神：神降臨,2019/11/8,威視股份有限公司,乾坤一擊創意股份有限公司,1,6,100.00%,"1,400",7174,"1,666,409",20200106
274,日本,特約經紀公司,2019/12/6,華映娛樂股份有限公司,"SHOCHIKU CO., LTD.",1,38,-59.57%,"8,580",7174,"1,590,940",20200106
258,日本,夏日大作戰,2018/8/10,傳影互動股份有限公司,STUDIO CHIZU LLP,5,"3,693",0.00%,"1,678,475",7087,"1,835,681",20200113
299,日本,假面騎士ZI-O Over Quartzer/快盜戰隊魯邦連者VS警察戰隊巡邏連者 en film,2019/12/13,木棉花國際股份有限公司,"TOEI COMPANY, LTD.",3,58,-67.05%,"18,150",6746,"1,607,715",20200106
41,中華民國,大約在冬季,2019/12/27,台北?喜電影發行股份有限公司,"北京恐龍影業有限公司, 浙江橫店影業有限公司, 天津貓眼微影文化傳媒有限公司, 耀萊影視文化傳媒有限公司, 江蘇雪漫舍影業有限公司, 騰訊影業文化傳播有限公司, 峨眉電影集團有限公司, 北京星光耀萊文化傳媒有限公司, 東方晨翔文化投資（武漢）有限公司, 長春思婉影視文化有限公司, 香港騰訊影業有限公司, 上海貓眼影業有限公司, 墨客行影業（北京）有限公司",10,480,-79.62%,"112,903",6666,"1,509,359",20200106
76,美國,仙戒奇緣,2019/8/16,新竹市政府文化局,Gold Valley Films Inc.,1,63,-55.63%,"5,060",6635,"1,335,715",20200106
499,西班牙,騙局,2019/3/22,海鵬影業有限公司,Latido Consorcio De Exportacion Del Cine Espanol SL,1,10,0.00%,"1,520",6403,"1,429,438",20200106
277,印度,真愛裁會贏,2020/1/3,水元素文化傳媒有限公司,YASH RAJ FILMS PRIVATE LIMITED,26,"2,135",-8.53%,"446,184",5972,"944,056",20200106
292,西班牙,逃出天堂島,2020/1/10,海樂影業股份有限公司,GEM ENTERTAINMENT KFT.,48,"2,497",-19.89%,"557,085",5927,"1,255,802",20200113
501,丹麥,懸案密碼前傳-瓶中信,2019/11/29,峻龍國際有限公司,"MultiVisionnaire , Inc",1,42,0.00%,"6,720",5438,"1,140,999",20200106
323,美國,教父I,1972/1/1,捷傑有限公司,United International Pictures,2,91,-13.33%,"19,630",5199,"1,327,162",20200106
30,日本,七個會議,2019/10/18,鴻聯國際開發股份有限公司,"Tokyo Broadcasting System Television, Inc.",1,28,0.00%,"4,480",5183,"1,113,822",20200106
210,南韓,青春催落去,2020/1/17,車庫娛樂股份有限公司,CONTENTS PANDA,38,"1,891",-36.46%,"422,977",5027,"1,087,865",20200120
331,日本,殺手餐廳,2019/9/20,天馬行空數位有限公司,Nippon Television Network Corporation,1,4,0.00%,"1,020",5021,"1,194,513",20200203
363,美國,惡靈20,2020/1/10,華映娛樂股份有限公司,Hyde Park Entertainment LLC,35,"2,080",-15.24%,"474,455",4823,"1,028,543",20200113
217,中國大陸,南方車站的聚會,2019/12/10,秝米有限公司,麥頌影視投資（上海）有限公司##山南光線影業有限公司##幸福藍海影視文化集團股份有限公司##騰訊影業文化傳播有限公司##萬達影視傳媒有限公司##綠光影業（上海）有限公司##和力辰光國際文化傳媒（北京）股份有限公司##中影（上海）影視文化投資管理中心（有限合夥）##一山文化（天津）合夥企業（有限合夥）##杭州嘉藝影視傳媒有限公司,1,49,-84.97%,"11,350",4725,"1,057,078",20200106
402,南韓,黑計畫,2019/12/13,英屬蓋曼群島商威望國際娛樂股份有限公司台灣分公司,Contents Panda,1,2,-93.10%,365,4636,"1,030,115",20200106
13,加拿大,8級警戒,2019/12/13,車庫娛樂股份有限公司,"XYZ FILMS, LLC",1,29,52.63%,"6,270",4507,"1,068,543",20200106
119,丹麥,在黑暗中漫舞：20週年數位修復版,2020/1/17,光年映畫有限公司,TRUSTNORDISK APS,13,"1,474",-17.70%,"325,135",4339,"744,699",20200120
464,新加坡,熱帶雨,2020/1/31,好威映象有限公司,Giraffe Pictures PTE Ltd.,26,"1,862",-24.03%,"414,686",4313,"1,000,823",20200203
302,日本,動畫電影版 我想吃掉你的胰臟,2020/1/10,車庫娛樂股份有限公司,ANIPLEX INC.,13,"2,006",51.40%,"481,837",4174,"806,411",20200113
187,法國,狙擊獵殺: 救援行動,2019/10/25,亮點國際影業有限公司,Playtime,1,60,76.47%,"8,760",4125,"868,202",20200106
156,日本,我們的7日戰爭,2020/1/23,海樂影業股份有限公司,KADOKAWA CORPORATION,26,"2,061",29.14%,"489,521",4047,"868,733",20200127
70,法國,巴黎交易員,2017/5/12,海鵬影業有限公司,LE PACTE,1,2,0.00%,250,3972,"899,005",20200106
326,美國,教父II,1974/1/1,捷傑有限公司,United International Pictures,2,83,36.07%,"18,410",3885,"1,003,424",20200106
1,日本,《少女與戰車 總集篇4DX》-第63屆戰車道全國高中生大會,2020/1/3,蜜蜂工房創藝有限公司,Hakuhodo DY music &amp## pictures Inc.,6,"1,617",12.06%,"738,945",3833,"1,397,105",20200106
7,阿根廷,4x4 危機四伏,2019/9/12,水元素文化傳媒有限公司,Latido Consorcio de Exportaci?n del Cine Espanol SL,1,4,0.00%,760,3779,"837,443",20200120
184,美國,拍厲得,2019/11/8,車庫娛樂股份有限公司,WEINSTEIN GLOBAL FILM CORP.,1,56,55.56%,"8,040",3774,"822,462",20200106
345,泰國,這一次不再錯過你,2020/1/3,傳影互動股份有限公司,"CJ ENM CO.,LTD",24,"1,391",-28.67%,"314,702",3634,"761,763",20200106
298,越南,鬼魅之家,2020/1/31,水元素文化傳媒有限公司,"SKYLINE MEDIA CO., LTD",17,"1,651",-13.92%,"379,771",3569,"825,638",20200203
340,中華民國,祭旗,2019/12/13,春暉映像有限公司,壹捌玖伍電影有限公司,4,141,-43.60%,"29,765",3388,"750,502",20200106
82,南韓,加油吧 ! 李先生,2019/10/18,車庫娛樂股份有限公司,CONTENTS PANDA,1,56,64.71%,"8,480",3360,"720,687",20200106
36,義大利,上流世界,2019/4/19,海鵬影業有限公司,PATHE FILMS S.A.S.,1,3,0.00%,470,3203,"699,547",20200127
171,日本,那一夜,2019/11/13,天馬行空數位有限公司,NIKKATSU CORPORATION,17,788,-56.80%,"164,787",3144,"654,628",20200106
72,法國,巴黎野玫瑰,2016/5/27,南強國際影視傳播有限公司,LE PETIT BUREAU,1,7,0.00%,"1,480",2787,"628,035",20200120
229,美國,怨靈古堡,2019/12/20,車庫娛樂股份有限公司,GEM ENTERTAINMENT KFT.,2,14,-90.79%,"3,060",2733,"604,988",20200106
260,日本,時光沙漏,2019/12/27,提恩傳媒實業有限公司,PONY CANYON INC.,7,336,-63.91%,"81,393",2461,"538,125",20200106
265,中華民國,海上花,2019/12/20,傳影互動股份有限公司,三三電影製作有限公司,1,82,-84.08%,"19,130",2434,"541,050",20200106
144,中國大陸,吹哨人,2019/12/27,內容物數位電影製作有限公司,華文映像（北京）影業有限公司##珠海市洲際金瑪文化有限公司##北京和禾和文化傳媒有限責任公司##浙江火麥影視傳媒有限公司##中英電影文化基金有限公司##天津貓眼微影文化傳媒有限公司##溫和巨人媒體集團##天津十間影視傳媒有限公司##騰訊影業文化傳播有限公司##完美威秀娛樂（香港）有限公司 ##安樂影片有限公司##北京佳文映畫文化傳媒有限責任公司##墨客行影業(北京)有限公司##耳東文化（北京）有限公司,13,125,-89.15%,"25,275",2182,"467,261",20200106
378,瑞典,然後我們跳了舞,2020/1/17,海鵬影業有限公司,TOTEM FILMS SAS,10,792,-1.74%,"169,640",2160,"336,550",20200120
356,俄羅斯,陰兒,2020/1/3,可樂藝術文創股份有限公司,REASON8 Films Ltd.,17,892,-12.03%,"196,735",2036,"426,735",20200106
205,加拿大,金錢性騙局,2019/6/21,佳映娛樂國際股份有限公司,Seville International,1,4,0.00%,640,1987,"294,148",20200113
428,日本,新聞記者,2019/10/20,天馬行空數位有限公司,KADOKAWA CORPORATION,1,38,0.00%,"6,080",1841,"387,618",20200120
339,日本,添好孕,2019/12/14,天馬行空數位有限公司,"Nagoya Broadcasting Network Co., Ltd,",2,2,-98.57%,440,1451,"319,472",20200106
162,英國,李爾王,2016/4/23,威秀影城股份有限公司,THE ROYAL NATIONAL THEATRE,5,59,0.00%,"39,920",1376,"918,760",20200113
391,中華民國,菠蘿蜜,2020/1/3,牽猴子整合行銷股份有限公司,蜂鳥影像有限公司##邊境映象藝文有限公司##高雄人,4,435,-32.35%,"99,100",1353,"243,409",20200106
446,俄羅斯,舞力決戰,2019/12/27,原創娛樂股份有限公司,Disenire Ltd.,5,113,-84.31%,"25,940",1332,"302,257",20200106
91,中華民國,台北物語2-獲利者,2020/1/16,丰采公關行銷有限公司,丰采公關行銷有限公司##健友國際企業有限公司,15,237,-76.42%,"52,315",1330,"285,385",20200120
230,法國,星星知我心,2020/1/10,采昌國際多媒體股份有限公司,PATHE FILMS S.A.S,10,622,8.93%,"133,440",1249,"253,175",20200113
493,法國,醫生敲愛錢,2018/6/22,聯影企業股份有限公司,TF1 DROITS AUDIOVISUELS,1,4,0.00%,490,1208,"242,690",20200113
334,加拿大,深海獵奇 3D,2019/2/3,國際電影事業有限公司,IMAX Corporation,1,0,-100.00%,0,1189,"147,889",20200106
75,日本,王牌辯士,2020/1/31,天馬行空數位有限公司,"TOEI COMPANY, LTD.",15,587,8.30%,"124,737",1129,"241,692",20200203
66,法國,巴黎小情聖,2019/12/13,鴻聯國際開發股份有限公司,Gaumont,1,30,0.00%,"4,800",985,"195,800",20200113
94,挪威,外出偷馬,2019/12/20,捷傑有限公司,TRUSTNORDISK APS,1,25,-88.37%,"5,845",919,"193,464",20200106
424,義大利,新天堂樂園,2016/4/8,香港商甲上娛樂有限公司台灣分公司,CRISTAL DI FILM,2,6,-33.33%,"1,150",862,"148,530",20200106
399,義大利,黑金叛徒,2019/11/8,可樂藝術文創股份有限公司,The Match Factory GmbH,1,34,0.00%,"5,440",854,"160,147",20200106
19,美國,Cunningham 機遇之舞,2020/1/10,天馬行空數位有限公司,Dogwoof Ltd,10,384,53.60%,"81,225",717,"134,558",20200113
358,法國,鹿皮奇談,2019/12/27,繁盛映畫有限公司,WTFilms,2,106,-70.88%,"23,020",706,"155,915",20200106
520,巴西,竊竊屍語,2019/12/27,暗光鳥有限公司,STRAY DOGS,4,109,-63.67%,"23,765",614,"130,036",20200106
254,加拿大,哥哥戀愛了，我怎麼辦!?,2020/1/15,亮點國際影業有限公司,Seville Pictures Inc,7,135,-67.55%,"27,485",608,"115,865",20200120
221,加拿大,哈柏太空之旅 3D,2019/2/4,國際電影事業有限公司,IMAX Corporation,1,0,-100.00%,0,589,"80,685",20200106
183,阿根廷,幸福試用期,2019/12/27,佳映娛樂國際股份有限公司,LATIDO CONSORCIO DE EXPORTACION DEL CINE ESPANOL SL,3,39,-87.93%,"7,025",586,"114,914",20200106
90,日本,只想受到你的歡迎,2020/1/31,天馬行空數位有限公司,Starry Cube Corporation,7,256,-19.75%,"62,930",575,"140,325",20200203
51,日本,大整形家,2020/1/31,原創娛樂股份有限公司,"TOEI Company, Ltd.",6,194,-19.50%,"44,075",435,"101,470",20200203
179,美國,姊魅,2020/1/17,暗光鳥有限公司,RAVEN BANNER ENTERTAINMENT INC.,4,160,-14.44%,"34,810",366,"76,448",20200120
511,南韓,霹靂嬌鋒,2019/8/16,車庫娛樂股份有限公司,"CJ ENM CO., LTD.",1,93,0.00%,"21,950",343,"76,100",20200106
296,英國,鬼眼逼人,2020/1/10,暗光鳥有限公司,DEVILWORKS LIMITED,4,127,-29.05%,"27,227",328,"67,369",20200113
389,英國,給我一個參選的理由,2019/12/11,威秀影城股份有限公司,The Royal National Theatre,1,60,0.00%,"39,420",303,"149,080",20200113
181,俄羅斯,岳父受死吧,2020/1/23,麻吉砥加電影有限公司,REEL SUSPECTS S.A.R.L.,11,151,15.27%,"35,286",291,"64,884",20200127
284,英國,茱莉小姐,2019/12/4,威秀影城股份有限公司,The Royal National Theatre,1,52,0.00%,"32,720",289,"118,920",20200106
218,英國,哈利路亞！,2019/12/4,威秀影城股份有限公司,The Royal National Theatre,1,1,-98.78%,680,248,"85,000",20200106
306,英國,國王與我,2020/1/1,威秀影城股份有限公司,Trafalgar Releasing Limited,1,55,0.00%,"39,120",218,"86,480",20200113
294,美國,鬼屋實錄：惡魔之家,2020/1/3,暗光鳥有限公司,KEW MEDIA INTERNATIONAL LIMITED,4,103,14.44%,"22,320",199,"41,660",20200106
233,中華民國,柯俊雄的電影人生,2020/1/15,駿繕企業有限公司,駿繕企業有限公司,9,62,-44.64%,"12,880",176,"35,752",20200120
24,德國,NG你的人生,2019/9/12,暗光鳥有限公司,RAVEN BANNER ENTERTAINMENT INC.,1,5,0.00%,"1,030",154,"33,650",20200120
433,日本,當愛沉睡時,2018/10/1,車庫娛樂股份有限公司,(韓國)M-LINE DISTRIBUTION,3,12,-74.47%,"2,665",145,"26,055",20200106
371,南韓,朝鮮花美男,2020/1/3,車庫娛樂股份有限公司,CONTENTS PANDA,2,23,-78.70%,"5,475",140,"28,780",20200106
143,日本,吸血黏土,2020/1/30,暗光鳥有限公司,"MONUMENT RELEASING, LLC",5,55,-32.93%,"11,520",137,"29,296",20200203
490,中華民國,還有一些樹,2020/1/4,蜂鳥影像有限公司,蜂鳥影像有限公司,1,67,39.58%,"14,725",115,"25,400",20200106
309,南韓,國際市場：半世紀的諾言,2020/1/3,車庫娛樂股份有限公司,(韓國)CJ E&M CORPORATION,3,49,104.17%,"9,995",96,"15,495",20200106
450,南韓,鳳梧洞戰役,2020/1/3,車庫娛樂股份有限公司,SHOWBOX CORP.,2,37,-27.45%,"7,990",94,"18,695",20200106
160,南韓,我們與愛的距離,2020/1/3,車庫娛樂股份有限公司,CONTENTS PANDA,3,21,-22.22%,"4,685",51,"10,500",20200106
39,南韓,大叔,2010/1/1,車庫娛樂股份有限公司,OPUS PICTURES,2,20,5.26%,"4,070",48,"8,175",20200106
226,南韓,孩子的自白,2020/1/3,車庫娛樂股份有限公司,"LOTTE CULTUREWORKS CO., LTD.",3,16,-23.81%,"3,380",45,"7,665",20200106
361,南韓,單身三人行,2020/1/3,車庫娛樂股份有限公司,CONTENTS PANDA,3,19,90.00%,"4,410",32,"6,295",20200106
158,南韓,我們的美好時光,2020/1/3,車庫娛樂股份有限公司,CONTENTS PANDA,3,17,183.33%,"3,590",25,"4,895",20200106
112,南韓,再見，未成年,2020/1/3,車庫娛樂股份有限公司,SHOWBOX CORP.,2,15,200.00%,"3,190",24,"4,185",20200106
154,南韓,我的爸媽好性福,2020/1/3,車庫娛樂股份有限公司,M-LINE DISTRIBUTION,3,8,-20.00%,"1,280",18,"3,605",20200106
122,南韓,她的名字叫薔薇,2020/1/3,車庫娛樂股份有限公司,STUDIO BONANZA INC.,3,8,60.00%,"1,745",15,"2,695",20200106
50,法國,大鼻子情聖(經典劇場),2020/2/1,威秀影城股份有限公司,Path? Live,4,14,0.00%,"9,680",14,"9,680",20200203
