序號,國別地區,中文片名,上映日期,申請人,出品,上映院數,銷售票數,週票數變動率,銷售金額,累計銷售票數,累計銷售金額,Week
61,美國,冰雪奇緣2,2019/11/21,台灣華特迪士尼股份有限公司,"BUENA VISTA INTERNATIONAL, INC.",23,848,-78.97%,"199,754","1,449,532","343,420,673",20200203
52,美國,冰雪奇緣2,2019/11/21,台灣華特迪士尼股份有限公司,"BUENA VISTA INTERNATIONAL, INC.",42,"4,032",-56.56%,"958,031","1,448,684","343,220,919",20200127
55,美國,冰雪奇緣2,2019/11/21,台灣華特迪士尼股份有限公司,"BUENA VISTA INTERNATIONAL, INC.",71,"9,276",-37.66%,"2,200,551","1,444,646","342,261,648",20200120
64,美國,冰雪奇緣2,2019/11/21,台灣華特迪士尼股份有限公司,"BUENA VISTA INTERNATIONAL, INC.",84,"14,879",14.06%,"3,493,780","1,435,370","340,061,097",20200113
64,美國,冰雪奇緣2,2019/11/21,台灣華特迪士尼股份有限公司,"BUENA VISTA INTERNATIONAL, INC.",84,"13,045",-65.53%,"3,179,462","1,420,491","336,567,317",20200106
76,美國,小丑,2019/10/3,美商華納兄弟（遠東）股份有限公司台灣分公司,WARNER BROS. PICTURES INTERNATIONAL.,18,532,254.67%,"133,765","1,389,255","331,325,515",20200203
67,美國,小丑,2019/10/3,美商華納兄弟（遠東）股份有限公司台灣分公司,WARNER BROS. PICTURES INTERNATIONAL.,3,150,-74.92%,"14,440","1,388,723","331,191,750",20200127
83,美國,小丑,2019/10/3,美商華納兄弟（遠東）股份有限公司台灣分公司,WARNER BROS. PICTURES INTERNATIONAL.,6,598,-64.11%,"44,405","1,388,573","331,177,310",20200120
92,美國,小丑,2019/10/3,美商華納兄弟（遠東）股份有限公司台灣分公司,WARNER BROS. PICTURES INTERNATIONAL.,9,"1,666",-24.20%,"131,020","1,387,975","331,132,905",20200113
93,美國,小丑,2019/10/3,美商華納兄弟（遠東）股份有限公司台灣分公司,WARNER BROS. PICTURES INTERNATIONAL.,10,"2,198",-35.96%,"178,860","1,386,309","331,001,885",20200106
98,美國,獅子王,2019/7/17,台灣華特迪士尼股份有限公司,"BUENA VISTA INTERNATIONAL, INC.",1,167,-54.12%,"17,380","1,320,356","314,948,562",20200120
106,美國,獅子王,2019/7/17,台灣華特迪士尼股份有限公司,"BUENA VISTA INTERNATIONAL, INC.",3,364,4.00%,"35,500","1,320,189","314,931,182",20200113
110,美國,獅子王,2019/7/17,台灣華特迪士尼股份有限公司,"BUENA VISTA INTERNATIONAL, INC.",2,350,1.16%,"27,150","1,319,825","314,895,682",20200106
80,中華民國,返校,2019/9/20,影一製作所股份有限公司,影一製作所股份有限公司##遊戲橘子數位科技股份有限公司##英屬維京群島商敦宜股份有限公司台灣分公司##樂到家國際娛樂股份有限公司##一條龍虎豹國際娛樂有限公司##財團法人臺中市影視發展基金會##高雄市電影館##美商華納兄弟（遠東）股份有限公司台灣分公司,3,246,-71.43%,"14,190","1,120,671","260,442,080",20200203
71,中華民國,返校,2019/9/20,影一製作所股份有限公司,影一製作所股份有限公司##遊戲橘子數位科技股份有限公司##英屬維京群島商敦宜股份有限公司台灣分公司##樂到家國際娛樂股份有限公司##一條龍虎豹國際娛樂有限公司##財團法人臺中市影視發展基金會##高雄市電影館##美商華納兄弟（遠東）股份有限公司台灣分公司,4,861,-39.71%,"64,050","1,120,425","260,427,890",20200127
89,中華民國,返校,2019/9/20,影一製作所股份有限公司,影一製作所股份有限公司##遊戲橘子數位科技股份有限公司##英屬維京群島商敦宜股份有限公司台灣分公司##樂到家國際娛樂股份有限公司##一條龍虎豹國際娛樂有限公司##財團法人臺中市影視發展基金會##高雄市電影館##美商華納兄弟（遠東）股份有限公司台灣分公司,10,"1,428",-38.26%,"113,370","1,119,564","260,363,840",20200120
98,中華民國,返校,2019/9/20,影一製作所股份有限公司,影一製作所股份有限公司##遊戲橘子數位科技股份有限公司##英屬維京群島商敦宜股份有限公司台灣分公司##樂到家國際娛樂股份有限公司##一條龍虎豹國際娛樂有限公司##財團法人臺中市影視發展基金會##高雄市電影館##美商華納兄弟（遠東）股份有限公司台灣分公司,10,"2,313",-9.51%,"191,735","1,118,136","260,250,470",20200113
98,中華民國,返校,2019/9/20,影一製作所股份有限公司,影一製作所股份有限公司##遊戲橘子數位科技股份有限公司##英屬維京群島商敦宜股份有限公司台灣分公司##樂到家國際娛樂股份有限公司##一條龍虎豹國際娛樂有限公司##財團法人臺中市影視發展基金會##高雄市電影館##美商華納兄弟（遠東）股份有限公司台灣分公司,9,"2,556",-18.29%,"203,975","1,115,823","260,058,735",20200106
52,美國,野蠻遊戲：全面晉級,2019/12/4,美商台灣索尼影業發行股份有限公司台灣分公司,SONY PICTURES RELEASING INTERNATIONAL CORPORATION.,12,357,-85.89%,"89,470","806,110","190,009,570",20200203
44,美國,野蠻遊戲：全面晉級,2019/12/4,美商台灣索尼影業發行股份有限公司台灣分公司,SONY PICTURES RELEASING INTERNATIONAL CORPORATION.,28,"2,531",-60.15%,"606,907","805,753","189,920,100",20200127
48,美國,野蠻遊戲：全面晉級,2019/12/4,美商台灣索尼影業發行股份有限公司台灣分公司,SONY PICTURES RELEASING INTERNATIONAL CORPORATION.,71,"6,343",-50.77%,"1,515,670","803,214","189,311,613",20200120
56,美國,野蠻遊戲：全面晉級,2019/12/4,美商台灣索尼影業發行股份有限公司台灣分公司,SONY PICTURES RELEASING INTERNATIONAL CORPORATION.,85,"12,885",-23.87%,"3,043,863","796,871","187,795,943",20200113
43,香港,葉問4：完結篇,2019/12/19,華映娛樂股份有限公司,東方影業出品有限公司,40,"1,011",-85.90%,"244,762","806,294","185,081,448",20200203
38,香港,葉問4：完結篇,2019/12/19,華映娛樂股份有限公司,東方影業出品有限公司,60,"7,171",-58.00%,"1,726,778","805,283","184,836,686",20200127
56,美國,野蠻遊戲：全面晉級,2019/12/4,美商台灣索尼影業發行股份有限公司台灣分公司,SONY PICTURES RELEASING INTERNATIONAL CORPORATION.,89,"16,926",-64.83%,"3,982,228","783,986","184,752,080",20200106
39,香港,葉問4：完結篇,2019/12/19,華映娛樂股份有限公司,東方影業出品有限公司,95,"16,972",-54.26%,"3,991,597","798,012","183,089,238",20200120
41,香港,葉問4：完結篇,2019/12/19,華映娛樂股份有限公司,東方影業出品有限公司,96,"37,108",-41.25%,"8,580,128","781,040","179,097,641",20200113
38,香港,葉問4：完結篇,2019/12/19,華映娛樂股份有限公司,東方影業出品有限公司,95,"63,159",-65.24%,"14,671,736","743,932","170,517,513",20200106
82,日本,天氣之子,2019/9/12,車庫娛樂股份有限公司,"TOHO CO., LTD.",10,"1,365",-52.75%,"108,765","691,476","165,352,565",20200203
72,日本,天氣之子,2019/9/12,車庫娛樂股份有限公司,"TOHO CO., LTD.",10,"2,889",105.92%,"238,245","690,111","165,243,800",20200127
90,日本,天氣之子,2019/9/12,車庫娛樂股份有限公司,"TOHO CO., LTD.",10,"1,403",2162.90%,"117,885","687,222","165,005,555",20200120
99,日本,天氣之子,2019/9/12,車庫娛樂股份有限公司,"TOHO CO., LTD.",1,62,416.67%,"28,065","685,819","164,887,670",20200113
101,日本,天氣之子,2019/9/12,車庫娛樂股份有限公司,"TOHO CO., LTD.",1,12,0.00%,"5,534","685,757","164,859,605",20200106
100,美國,全面攻佔3: 天使救援,2019/8/21,海樂影業股份有限公司,"NU IMAGE,INC.",1,66,-44.07%,"3,630","637,153","147,436,187",20200113
103,美國,全面攻佔3: 天使救援,2019/8/21,海樂影業股份有限公司,"NU IMAGE,INC.",2,118,-62.78%,"6,865","637,087","147,432,557",20200106
87,南韓,寄生上流,2019/6/28,英屬蓋曼群島商威望國際娛樂股份有限公司台灣分公司,CJ ENM CO. LTD,19,657,-23.87%,"158,398","629,945","146,857,428",20200203
76,南韓,寄生上流,2019/6/28,英屬蓋曼群島商威望國際娛樂股份有限公司台灣分公司,CJ ENM CO. LTD,15,863,-13.18%,"201,604","629,288","146,699,030",20200127
99,南韓,寄生上流,2019/6/28,英屬蓋曼群島商威望國際娛樂股份有限公司台灣分公司,CJ ENM CO. LTD,14,"1,006",105.73%,"230,883","628,437","146,499,746",20200120
107,南韓,寄生上流,2019/6/28,英屬蓋曼群島商威望國際娛樂股份有限公司台灣分公司,CJ ENM CO. LTD,6,489,164.32%,"113,415","627,431","146,268,863",20200113
111,南韓,寄生上流,2019/6/28,英屬蓋曼群島商威望國際娛樂股份有限公司台灣分公司,CJ ENM CO. LTD,3,185,0.00%,"42,790","626,942","146,155,448",20200106
74,美國,黑魔女2,2019/10/17,台灣華特迪士尼股份有限公司,"BUENA VISTA INTERNATIONAL, INC.",8,"1,027",-41.98%,"91,435","589,257","137,737,736",20200203
66,美國,黑魔女2,2019/10/17,台灣華特迪士尼股份有限公司,"BUENA VISTA INTERNATIONAL, INC.",10,"1,770",28.17%,"152,425","588,230","137,646,301",20200127
79,美國,黑魔女2,2019/10/17,台灣華特迪士尼股份有限公司,"BUENA VISTA INTERNATIONAL, INC.",8,"1,381",-33.16%,"105,585","586,460","137,493,876",20200120
86,美國,黑魔女2,2019/10/17,台灣華特迪士尼股份有限公司,"BUENA VISTA INTERNATIONAL, INC.",7,"2,066",37.83%,"136,770","585,079","137,388,291",20200113
85,美國,黑魔女2,2019/10/17,台灣華特迪士尼股份有限公司,"BUENA VISTA INTERNATIONAL, INC.",7,"1,499",18637.50%,"96,570","583,013","137,251,521",20200106
70,美國,雙子殺手,2019/10/23,美商美國派拉蒙影片股份有限公司台灣分公司,PARAMOUNT PICTURES CORPORATION,3,477,-47.47%,"27,610","552,660","132,765,426",20200203
62,美國,雙子殺手,2019/10/23,美商美國派拉蒙影片股份有限公司台灣分公司,PARAMOUNT PICTURES CORPORATION,5,908,-43.43%,"54,335","552,183","132,737,816",20200127
74,美國,雙子殺手,2019/10/23,美商美國派拉蒙影片股份有限公司台灣分公司,PARAMOUNT PICTURES CORPORATION,8,"1,605",-21.36%,"114,570","551,275","132,683,481",20200120
82,美國,雙子殺手,2019/10/23,美商美國派拉蒙影片股份有限公司台灣分公司,PARAMOUNT PICTURES CORPORATION,10,"2,041",73.41%,"159,800","549,670","132,568,911",20200113
81,美國,雙子殺手,2019/10/23,美商美國派拉蒙影片股份有限公司台灣分公司,PARAMOUNT PICTURES CORPORATION,7,"1,177",9.49%,"120,070","547,629","132,409,111",20200106
26,美國,絕地戰警FOR LIFE,2020/1/16,美商台灣索尼影業發行股份有限公司台灣分公司,SONY PICTURES RELEASING INTERNATIONAL CORPORATION.,98,"37,091",-73.99%,"8,773,439","543,236","129,956,225",20200203
18,美國,絕地戰警FOR LIFE,2020/1/16,美商台灣索尼影業發行股份有限公司台灣分公司,SONY PICTURES RELEASING INTERNATIONAL CORPORATION.,101,"142,625",-21.94%,"34,507,667","506,147","121,183,306",20200127
41,南韓,白頭山：半島浩劫,2019/12/24,車庫娛樂股份有限公司,"CJ ENM CO., LTD.",38,"2,186",-84.56%,"521,736","497,817","115,633,055",20200203
35,南韓,白頭山：半島浩劫,2019/12/24,車庫娛樂股份有限公司,"CJ ENM CO., LTD.",51,"14,157",-51.43%,"3,407,416","495,633","115,111,719",20200127
36,南韓,白頭山：半島浩劫,2019/12/24,車庫娛樂股份有限公司,"CJ ENM CO., LTD.",69,"29,145",-51.51%,"6,867,300","481,476","111,704,303",20200120
38,南韓,白頭山：半島浩劫,2019/12/24,車庫娛樂股份有限公司,"CJ ENM CO., LTD.",71,"60,109",-27.60%,"14,030,416","452,331","104,837,003",20200113
32,南韓,白頭山：半島浩劫,2019/12/24,車庫娛樂股份有限公司,"CJ ENM CO., LTD.",71,"83,021",-51.23%,"19,383,972","392,222","90,806,587",20200106
66,美國,魔鬼終結者：黑暗宿命,2019/11/7,博偉電影股份有限公司,"BUENA VISTA INTERNATIONAL, INC.",9,921,-64.40%,"74,075","379,296","88,102,704",20200203
59,美國,魔鬼終結者：黑暗宿命,2019/11/7,博偉電影股份有限公司,"BUENA VISTA INTERNATIONAL, INC.",10,"2,587",64.25%,"216,495","378,375","88,028,629",20200127
66,美國,魔鬼終結者：黑暗宿命,2019/11/7,博偉電影股份有限公司,"BUENA VISTA INTERNATIONAL, INC.",8,"1,575",233.69%,"146,665","375,788","87,812,134",20200120
74,美國,魔鬼終結者：黑暗宿命,2019/11/7,博偉電影股份有限公司,"BUENA VISTA INTERNATIONAL, INC.",3,472,0.00%,"50,140","374,213","87,665,469",20200113
7,美國,絕地戰警FOR LIFE,2020/1/16,美商台灣索尼影業發行股份有限公司台灣分公司,SONY PICTURES RELEASING INTERNATIONAL CORPORATION.,101,"182,000",0.65%,"43,755,249","362,821","86,534,259",20200120
44,美國,STAR WARS : 天行者的崛起,2019/12/18,台灣華特迪士尼股份有限公司,"BUENA VISTA INTERNATIONAL, INC.",2,46,-84.72%,"12,275","324,331","82,150,239",20200203
39,美國,STAR WARS : 天行者的崛起,2019/12/18,台灣華特迪士尼股份有限公司,"BUENA VISTA INTERNATIONAL, INC.",4,301,-87.51%,"80,396","324,285","82,137,964",20200127
40,美國,STAR WARS : 天行者的崛起,2019/12/18,台灣華特迪士尼股份有限公司,"BUENA VISTA INTERNATIONAL, INC.",57,"2,409",-69.62%,"588,419","323,984","82,057,568",20200120
42,美國,STAR WARS : 天行者的崛起,2019/12/18,台灣華特迪士尼股份有限公司,"BUENA VISTA INTERNATIONAL, INC.",91,"7,930",-50.31%,"1,988,292","321,575","81,469,149",20200113
39,美國,STAR WARS : 天行者的崛起,2019/12/18,台灣華特迪士尼股份有限公司,"BUENA VISTA INTERNATIONAL, INC.",98,"15,959",-68.32%,"4,071,591","313,645","79,480,857",20200106
59,美國,賽道狂人,2019/11/26,博偉電影股份有限公司,"BUENA VISTA INTERNATIONAL, INC.",4,62,-82.08%,"15,425","314,157","77,347,893",20200203
50,美國,賽道狂人,2019/11/26,博偉電影股份有限公司,"BUENA VISTA INTERNATIONAL, INC.",7,346,-48.13%,"86,700","314,095","77,332,468",20200127
53,美國,賽道狂人,2019/11/26,博偉電影股份有限公司,"BUENA VISTA INTERNATIONAL, INC.",19,667,-67.93%,"168,430","313,749","77,245,768",20200120
62,美國,賽道狂人,2019/11/26,博偉電影股份有限公司,"BUENA VISTA INTERNATIONAL, INC.",34,"2,080",-49.73%,"562,598","313,082","77,077,338",20200113
62,美國,賽道狂人,2019/11/26,博偉電影股份有限公司,"BUENA VISTA INTERNATIONAL, INC.",43,"4,138",-59.59%,"1,127,464","311,002","76,514,740",20200106
63,美國,決戰中途島,2019/11/8,台北?喜電影發行股份有限公司,"BONA FILM INVESTMENT COMPANY (PACIFIC RIM, USA)",9,"1,512",-24.44%,"134,270","317,984","72,803,561",20200203
56,美國,決戰中途島,2019/11/8,台北?喜電影發行股份有限公司,"BONA FILM INVESTMENT COMPANY (PACIFIC RIM, USA)",9,"2,001",142.55%,"159,665","316,472","72,669,291",20200127
61,美國,決戰中途島,2019/11/8,台北?喜電影發行股份有限公司,"BONA FILM INVESTMENT COMPANY (PACIFIC RIM, USA)",7,825,13650.00%,"69,380","314,471","72,509,626",20200120
73,美國,決戰中途島,2019/11/8,台北?喜電影發行股份有限公司,"BONA FILM INVESTMENT COMPANY (PACIFIC RIM, USA)",1,6,-82.86%,"1,280","313,646","72,440,246",20200113
71,美國,決戰中途島,2019/11/8,台北?喜電影發行股份有限公司,"BONA FILM INVESTMENT COMPANY (PACIFIC RIM, USA)",3,35,-79.04%,"7,765","313,640","72,438,966",20200106
11,美國,杜立德,2020/1/23,美商美國環球影片股份有限公司台灣分公司,UNIVERSAL INTERNATIONAL FILMS LLC,100,"37,776",-73.28%,"8,867,550","290,095","69,800,705",20200203
5,美國,杜立德,2020/1/23,美商美國環球影片股份有限公司台灣分公司,UNIVERSAL INTERNATIONAL FILMS LLC,101,"141,378",27.42%,"33,995,357","252,329","60,935,325",20200127
101,日本,航海王：奪寶爭霸戰,2019/8/21,台北?喜電影發行股份有限公司,TOEI Animation Enterprises Limited,1,4,300.00%,"1,523","224,082","54,058,896",20200113
104,日本,航海王：奪寶爭霸戰,2019/8/21,台北?喜電影發行股份有限公司,TOEI Animation Enterprises Limited,1,1,0.00%,420,"224,078","54,057,373",20200106
8,美國,1917,2020/1/30,美商美國環球影片股份有限公司台灣分公司,UNIVERSAL INTERNATIONAL FILMS LLC,99,"87,858",11.05%,"21,348,303","166,977","40,909,261",20200203
58,美國,鋒迴路轉,2019/11/28,車庫娛樂股份有限公司,LIONS GATE INTERNATIONAL (UK) LIMITED,1,8,-94.16%,"1,730","165,790","38,494,724",20200203
49,美國,鋒迴路轉,2019/11/28,車庫娛樂股份有限公司,LIONS GATE INTERNATIONAL (UK) LIMITED,3,137,-57.05%,"29,640","165,782","38,492,994",20200127
52,美國,鋒迴路轉,2019/11/28,車庫娛樂股份有限公司,LIONS GATE INTERNATIONAL (UK) LIMITED,8,315,-66.95%,"71,085","165,641","38,462,474",20200120
61,美國,鋒迴路轉,2019/11/28,車庫娛樂股份有限公司,LIONS GATE INTERNATIONAL (UK) LIMITED,15,953,-45.85%,"219,849","165,326","38,391,389",20200113
18,美國,變身特務,2020/1/22,博偉電影股份有限公司,"BUENA VISTA INTERNATIONAL, INC.",98,"19,659",-74.75%,"4,453,321","167,411","38,275,464",20200203
19,美國,深海終劫站,2020/1/22,博偉電影股份有限公司,"BUENA VISTA INTERNATIONAL, INC.",93,"19,140",-74.90%,"4,338,303","167,027","38,176,037",20200203
61,美國,鋒迴路轉,2019/11/28,車庫娛樂股份有限公司,LIONS GATE INTERNATIONAL (UK) LIMITED,24,"1,760",-67.67%,"412,264","164,373","38,171,540",20200106
86,美國,從前，有個好萊塢,2019/7/24,台北?喜電影發行股份有限公司,"Bona Film Investment Company (Pacific RIM, USA)",12,128,-3.76%,"30,807","157,726","37,621,731",20200203
75,美國,從前，有個好萊塢,2019/7/24,台北?喜電影發行股份有限公司,"Bona Film Investment Company (Pacific RIM, USA)",9,133,5.56%,"31,522","157,598","37,590,924",20200127
97,美國,從前，有個好萊塢,2019/7/24,台北?喜電影發行股份有限公司,"Bona Film Investment Company (Pacific RIM, USA)",5,126,-9.35%,"29,790","157,465","37,559,402",20200120
105,美國,從前，有個好萊塢,2019/7/24,台北?喜電影發行股份有限公司,"Bona Film Investment Company (Pacific RIM, USA)",3,139,117.19%,"33,345","157,339","37,529,612",20200113
109,美國,從前，有個好萊塢,2019/7/24,台北?喜電影發行股份有限公司,"Bona Film Investment Company (Pacific RIM, USA)",3,64,0.00%,"15,192","157,200","37,496,267",20200106
9,美國,深海終劫站,2020/1/22,博偉電影股份有限公司,"BUENA VISTA INTERNATIONAL, INC.",92,"76,248",6.43%,"17,507,644","147,891","33,838,554",20200127
8,美國,變身特務,2020/1/22,博偉電影股份有限公司,"BUENA VISTA INTERNATIONAL, INC.",97,"77,843",11.35%,"17,787,206","147,754","33,821,213",20200127
60,南韓,82年生的金智英,2019/11/22,車庫娛樂股份有限公司,"LOTTE CULTUREWORKS CO., LTD.",1,2,-60.00%,510,"138,398","32,474,962",20200203
51,南韓,82年生的金智英,2019/11/22,車庫娛樂股份有限公司,"LOTTE CULTUREWORKS CO., LTD.",1,5,-96.50%,"1,178","138,396","32,474,452",20200127
54,南韓,82年生的金智英,2019/11/22,車庫娛樂股份有限公司,"LOTTE CULTUREWORKS CO., LTD.",6,143,-83.81%,"32,618","138,391","32,473,814",20200120
63,南韓,82年生的金智英,2019/11/22,車庫娛樂股份有限公司,"LOTTE CULTUREWORKS CO., LTD.",14,883,-43.36%,"202,202","138,248","32,441,196",20200113
63,南韓,82年生的金智英,2019/11/22,車庫娛樂股份有限公司,"LOTTE CULTUREWORKS CO., LTD.",18,"1,559",-61.28%,"361,755","137,365","32,238,994",20200106
64,美國,安眠醫生,2019/11/8,美商華納兄弟（遠東）股份有限公司台灣分公司,WARNER BROS. PICTURES INTERNATIONAL.,5,422,-24.51%,"46,660","125,235","29,625,149",20200203
57,美國,安眠醫生,2019/11/8,美商華納兄弟（遠東）股份有限公司台灣分公司,WARNER BROS. PICTURES INTERNATIONAL.,5,559,12.70%,"61,010","124,813","29,578,489",20200127
62,美國,安眠醫生,2019/11/8,美商華納兄弟（遠東）股份有限公司台灣分公司,WARNER BROS. PICTURES INTERNATIONAL.,7,496,-37.37%,"41,290","124,254","29,517,479",20200120
69,美國,安眠醫生,2019/11/8,美商華納兄弟（遠東）股份有限公司台灣分公司,WARNER BROS. PICTURES INTERNATIONAL.,7,792,111.20%,"55,220","123,758","29,476,189",20200113
69,美國,安眠醫生,2019/11/8,美商華納兄弟（遠東）股份有限公司台灣分公司,WARNER BROS. PICTURES INTERNATIONAL.,3,375,0.00%,"21,895","122,966","29,420,969",20200106
40,美國,霹靂嬌娃,2019/12/27,美商台灣索尼影業發行股份有限公司台灣分公司,SONY PICTURES RELEASING INTERNATIONAL CORPORATION.,3,8,-96.61%,"1,770","124,727","28,535,409",20200203
34,美國,霹靂嬌娃,2019/12/27,美商台灣索尼影業發行股份有限公司台灣分公司,SONY PICTURES RELEASING INTERNATIONAL CORPORATION.,10,236,-90.98%,"58,448","124,719","28,533,639",20200127
30,美國,霹靂嬌娃,2019/12/27,美商台灣索尼影業發行股份有限公司台灣分公司,SONY PICTURES RELEASING INTERNATIONAL CORPORATION.,76,"2,612",-75.77%,"602,267","124,480","28,474,621",20200120
31,美國,霹靂嬌娃,2019/12/27,美商台灣索尼影業發行股份有限公司台灣分公司,SONY PICTURES RELEASING INTERNATIONAL CORPORATION.,91,"10,780",-48.13%,"2,486,171","121,868","27,872,354",20200113
89,美國,藍波:最後一滴血,2019/10/9,海樂影業股份有限公司,"MILLENNIUM MEDIA, INC.",1,52,-71.11%,"2,860","126,828","27,761,326",20200113
88,美國,藍波:最後一滴血,2019/10/9,海樂影業股份有限公司,"MILLENNIUM MEDIA, INC.",3,180,-64.77%,"11,845","126,776","27,758,466",20200106
87,美國,弒婚遊戲,2019/10/9,博偉電影股份有限公司,"BUENA VISTA INTERNATIONAL, INC.",5,191,-70.66%,"14,285","119,345","26,726,487",20200106
69,中華民國,陽光普照,2019/11/1,本地風光電影股份有限公司,本地風光電影股份有限公司##華文創股份有限公司##捌捌玖電影股份有限公司##鏡文學股份有限公司##聯聯看娛樂文化有限公司,1,38,-70.31%,"8,490","110,417","26,163,942",20200120
76,中華民國,陽光普照,2019/11/1,本地風光電影股份有限公司,本地風光電影股份有限公司##華文創股份有限公司##捌捌玖電影股份有限公司##鏡文學股份有限公司##聯聯看娛樂文化有限公司,2,128,-59.87%,"29,175","110,379","26,155,452",20200113
74,中華民國,陽光普照,2019/11/1,本地風光電影股份有限公司,本地風光電影股份有限公司##華文創股份有限公司##捌捌玖電影股份有限公司##鏡文學股份有限公司##聯聯看娛樂文化有限公司,5,319,-53.36%,"74,805","110,251","26,126,277",20200106
22,美國,霹靂嬌娃,2019/12/27,美商台灣索尼影業發行股份有限公司台灣分公司,SONY PICTURES RELEASING INTERNATIONAL CORPORATION.,93,"20,688",-61.43%,"4,727,718","110,995","25,364,233",20200106
47,美國,去年聖誕節,2019/12/6,美商美國環球影片股份有限公司台灣分公司,UNIVERSAL INTERNATIONAL FILMS LLC,1,5,-95.80%,"1,040","94,285","22,248,150",20200120
54,美國,去年聖誕節,2019/12/6,美商美國環球影片股份有限公司台灣分公司,UNIVERSAL INTERNATIONAL FILMS LLC,5,119,-75.05%,"28,735","94,280","22,247,110",20200113
52,美國,去年聖誕節,2019/12/6,美商美國環球影片股份有限公司台灣分公司,UNIVERSAL INTERNATIONAL FILMS LLC,13,477,-80.18%,"119,958","94,161","22,218,375",20200106
83,日本,普羅米亞,2019/8/16,中影股份有限公司,東寶株式會社,1,112,0.00%,"26,880","76,335","21,170,540",20200203
94,日本,普羅米亞,2019/8/16,中影股份有限公司,東寶株式會社,1,11,-96.13%,"5,180","76,223","21,143,660",20200120
102,日本,普羅米亞,2019/8/16,中影股份有限公司,東寶株式會社,1,284,40.59%,"120,479","76,212","21,138,480",20200113
105,日本,普羅米亞,2019/8/16,中影股份有限公司,東寶株式會社,2,202,-50.73%,"67,095","75,928","21,018,001",20200106
12,美國,紳士追殺令,2020/1/23,車庫娛樂股份有限公司,"MIRAMAX DISTRIBUTION SERVICES, LLC",63,"12,195",-72.04%,"2,921,382","84,559","20,301,783",20200203
33,美國,兔嘲男孩,2020/1/3,博偉電影股份有限公司,"BUENA VISTA INTERNATIONAL, INC.",29,"1,940",-58.41%,"452,228","86,374","20,250,674",20200203
68,美國,阿達一族,2019/11/1,美商美國環球影片股份有限公司台灣分公司,Park Circus Limited,2,161,-74.40%,"11,690","89,368","20,199,885",20200203
61,美國,阿達一族,2019/11/1,美商美國環球影片股份有限公司台灣分公司,Park Circus Limited,4,629,-12.40%,"40,400","89,207","20,188,195",20200127
67,美國,阿達一族,2019/11/1,美商美國環球影片股份有限公司台灣分公司,Park Circus Limited,6,718,4.97%,"43,655","88,578","20,147,795",20200120
75,美國,阿達一族,2019/11/1,高雄市電影館,Park Circus Limited,6,684,0.00%,"74,425","87,860","20,104,140",20200113
29,美國,兔嘲男孩,2020/1/3,博偉電影股份有限公司,"BUENA VISTA INTERNATIONAL, INC.",36,"4,665",-47.77%,"1,108,648","84,434","19,798,446",20200127
104,美國,憤怒鳥玩電影2：冰的啦！,2019/8/14,美商台灣索尼影業發行股份有限公司台灣分公司,SONY PICTURES RELEASING INTERNATIONAL CORPORATION.,1,24,-61.29%,"1,800","88,879","19,638,431",20200113
108,美國,憤怒鳥玩電影2：冰的啦！,2019/8/14,美商台灣索尼影業發行股份有限公司台灣分公司,SONY PICTURES RELEASING INTERNATIONAL CORPORATION.,1,62,-61.01%,"4,960","88,855","19,636,631",20200106
20,美國,兔嘲男孩,2020/1/3,博偉電影股份有限公司,"BUENA VISTA INTERNATIONAL, INC.",60,"8,980",-56.44%,"2,142,159","79,817","18,699,708",20200120
6,美國,紳士追殺令,2020/1/23,車庫娛樂股份有限公司,"MIRAMAX DISTRIBUTION SERVICES, LLC",65,"43,623",51.78%,"10,498,251","72,364","17,380,401",20200127
37,美國,倒數計死,2019/12/27,采昌國際多媒體股份有限公司,"STX Productions, LLC",6,271,-74.53%,"56,660","72,602","16,586,141",20200203
10,美國,兔嘲男孩,2020/1/3,博偉電影股份有限公司,"BUENA VISTA INTERNATIONAL, INC.",65,"20,614",-20.01%,"4,832,782","70,837","16,557,549",20200113
33,美國,倒數計死,2019/12/27,采昌國際多媒體股份有限公司,"STX Productions, LLC",15,"1,064",-72.31%,"232,043","72,331","16,529,481",20200127
29,美國,倒數計死,2019/12/27,采昌國際多媒體股份有限公司,"STX Productions, LLC",51,"3,803",-63.23%,"857,353","71,228","16,289,388",20200120
20,美國,她們,2020/1/22,美商台灣索尼影業發行股份有限公司台灣分公司,SONY PICTURES RELEASING INTERNATIONAL CORPORATION.,49,"15,665",-46.80%,"3,712,979","67,126","15,964,740",20200203
112,中華民國,出發,2019/5/31,牽猴子整合行銷股份有限公司,相知國際股份有限公司,1,109,0.00%,"21,255","69,483","15,451,386",20200106
32,美國,倒數計死,2019/12/27,采昌國際多媒體股份有限公司,"STX Productions, LLC",61,"10,342",-28.11%,"2,345,593","67,425","15,432,035",20200113
35,中華民國,你的情歌,2020/1/2,香港商甲上娛樂有限公司台灣分公司,奇想事企業有限公司##能率影業股份有限公司##香港商甲上娛樂有限公司台灣分公司 ##采昌國際多媒體股份有限公司  ##英屬維京群島商敦宜股份有限公司台灣分公司,67,"17,141",-42.12%,"3,994,406","61,590","14,470,784",20200203
89,美國,屍樂園：髒比雙拼,2019/10/9,美商台灣索尼影業發行股份有限公司台灣分公司,SONY PICTURES RELEASING INTERNATIONAL CORPORATION.,1,97,-65.60%,"10,500","64,046","14,366,952",20200106
13,香港,肥龍過江,2020/1/23,華映娛樂股份有限公司,星王朝有限公司##上海博納文化傳媒有限公司##博納影業集團股份有限公司##上海新文化影業有限公司##電視廣播有限公司##太陽娛樂文化有限公司##上海杠杠影視文化有限公司##霍爾果斯環星影視傳媒有限公司##上海優創影視文化有限公司,93,"3,708",-86.91%,"813,588","60,341","13,373,472",20200203
31,美國,倒數計死,2019/12/27,采昌國際多媒體股份有限公司,"STX Productions, LLC",64,"14,385",-50.90%,"3,278,002","57,083","13,086,442",20200106
70,中華民國,陪你很久很久,2019/10/25,威視股份有限公司,嘉揚電影有限公司##海寧鐵幕真文化傳媒有限公司##滿滿額娛樂股份有限公司##中環國際娛樂事業股份有限公司##貴金影業傳媒股份有限公司##思美傳媒股份有限公司##海寧夢生影視文化傳媒有限公司##北京喔沃娛樂文化傳媒有限公司##薩摩亞商羚邦亞洲有限公司台灣分公司Medialink (Asia) Limited Taiwan Branch,1,66,-70.27%,"3,300","57,027","12,950,461",20200120
79,中華民國,陪你很久很久,2019/10/25,威視股份有限公司,嘉揚電影有限公司##海寧鐵幕真文化傳媒有限公司##滿滿額娛樂股份有限公司##中環國際娛樂事業股份有限公司##貴金影業傳媒股份有限公司##思美傳媒股份有限公司##海寧夢生影視文化傳媒有限公司##北京喔沃娛樂文化傳媒有限公司##薩摩亞商羚邦亞洲有限公司台灣分公司Medialink (Asia) Limited Taiwan Branch,2,222,39.62%,"11,470","56,961","12,947,161",20200113
80,中華民國,陪你很久很久,2019/10/25,威視股份有限公司,嘉揚電影有限公司##海寧鐵幕真文化傳媒有限公司##滿滿額娛樂股份有限公司##中環國際娛樂事業股份有限公司##貴金影業傳媒股份有限公司##思美傳媒股份有限公司##海寧夢生影視文化傳媒有限公司##北京喔沃娛樂文化傳媒有限公司##薩摩亞商羚邦亞洲有限公司台灣分公司Medialink (Asia) Limited Taiwan Branch,2,159,0.00%,"8,350","56,739","12,935,691",20200106
7,香港,肥龍過江,2020/1/23,華映娛樂股份有限公司,星王朝有限公司##上海博納文化傳媒有限公司##博納影業集團股份有限公司##上海新文化影業有限公司##電視廣播有限公司##太陽娛樂文化有限公司##上海杠杠影視文化有限公司##霍爾果斯環星影視傳媒有限公司##上海優創影視文化有限公司,94,"28,320",0.02%,"6,263,943","56,635","12,560,304",20200127
10,美國,她們,2020/1/22,美商台灣索尼影業發行股份有限公司台灣分公司,SONY PICTURES RELEASING INTERNATIONAL CORPORATION.,49,"29,447",33.76%,"7,039,958","51,461","12,251,761",20200127
36,美國,CATS 貓,2019/12/24,美商美國環球影片股份有限公司台灣分公司,UNIVERSAL INTERNATIONAL FILMS LLC,1,25,-88.79%,"6,200","50,402","11,750,811",20200127
37,美國,CATS 貓,2019/12/24,美商美國環球影片股份有限公司台灣分公司,UNIVERSAL INTERNATIONAL FILMS LLC,11,223,-80.59%,"59,230","50,377","11,744,611",20200120
45,中華民國,黑熊來了,2019/12/13,牽猴子整合行銷股份有限公司,大麥影像傳播工作室,7,157,-74.26%,"36,460","51,427","11,725,230",20200203
2,美國,兔嘲男孩,2020/1/3,博偉電影股份有限公司,"BUENA VISTA INTERNATIONAL, INC.",65,"25,771",46.25%,"6,022,947","50,223","11,724,767",20200106
40,中華民國,黑熊來了,2019/12/13,牽猴子整合行銷股份有限公司,大麥影像傳播工作室,11,610,-67.38%,"135,208","51,270","11,688,770",20200127
39,美國,CATS 貓,2019/12/24,美商美國環球影片股份有限公司台灣分公司,UNIVERSAL INTERNATIONAL FILMS LLC,63,"1,149",-73.08%,"275,354","50,154","11,685,381",20200113
29,美國,重磅腥聞,2020/1/10,車庫娛樂股份有限公司,LIONS GATE INTERNATIONAL (UK) LIMITED,20,364,-75.07%,"81,926","49,725","11,582,593",20200203
41,中華民國,黑熊來了,2019/12/13,牽猴子整合行銷股份有限公司,大麥影像傳播工作室,25,"1,886",-62.79%,"417,761","50,676","11,556,877",20200120
24,美國,重磅腥聞,2020/1/10,車庫娛樂股份有限公司,LIONS GATE INTERNATIONAL (UK) LIMITED,31,"1,460",-71.58%,"349,070","49,361","11,500,667",20200127
33,美國,CATS 貓,2019/12/24,美商美國環球影片股份有限公司台灣分公司,UNIVERSAL INTERNATIONAL FILMS LLC,90,"4,268",-75.20%,"996,140","49,005","11,410,027",20200106
75,日本,紫羅蘭永恆花園外傳–永遠與自動手記人偶–,2019/11/1,采昌國際多媒體股份有限公司,"ABC ANIMATION, INC.",3,123,547.37%,"31,101","46,420","11,277,831",20200106
11,美國,重磅腥聞,2020/1/10,車庫娛樂股份有限公司,LIONS GATE INTERNATIONAL (UK) LIMITED,67,"5,144",-76.46%,"1,225,085","47,907","11,152,797",20200120
43,中華民國,黑熊來了,2019/12/13,牽猴子整合行銷股份有限公司,大麥影像傳播工作室,32,"5,068",7.01%,"1,135,968","48,790","11,139,116",20200113
62,印度,萬萬沒想到,2019/11/15,英屬蓋曼群島商威望國際娛樂股份有限公司台灣分公司,"STAR INDIA PRIVATE LIMITED, Through its division, FOX STAR STUDIOS",7,660,185.71%,"46,535","48,874","10,960,439",20200203
53,印度,萬萬沒想到,2019/11/15,英屬蓋曼群島商威望國際娛樂股份有限公司台灣分公司,"STAR INDIA PRIVATE LIMITED, Through its division, FOX STAR STUDIOS",3,231,1055.00%,"20,150","48,214","10,913,904",20200127
59,印度,萬萬沒想到,2019/11/15,英屬蓋曼群島商威望國際娛樂股份有限公司台灣分公司,"STAR INDIA PRIVATE LIMITED, Through its division, FOX STAR STUDIOS",1,20,0.00%,"1,840","47,983","10,893,754",20200120
21,美國,不完美的正義,2020/1/17,美商華納兄弟（遠東）股份有限公司台灣分公司,WARNER BROS. PICTURES INTERNATIONAL.,53,"1,487",-83.48%,"343,917","46,147","10,654,283",20200203
58,日本,為美好的世界獻上祝福！紅傳說,2019/11/15,向洋影業有限公司,株式?社KADOKAWA,1,31,-40.38%,"7,075","42,201","10,605,316",20200120
66,日本,為美好的世界獻上祝福！紅傳說,2019/11/15,向洋影業有限公司,株式?社KADOKAWA,1,52,20.93%,"12,010","42,170","10,598,241",20200113
66,日本,為美好的世界獻上祝福！紅傳說,2019/11/15,向洋影業有限公司,株式?社KADOKAWA,3,43,-59.81%,"10,050","42,118","10,586,231",20200106
31,中華民國,你的情歌,2020/1/2,香港商甲上娛樂有限公司台灣分公司,奇想事企業有限公司##能率影業股份有限公司##香港商甲上娛樂有限公司台灣分公司 ##采昌國際多媒體股份有限公司  ##英屬維京群島商敦宜股份有限公司台灣分公司,67,"29,615",112.61%,"6,949,077","44,451","10,476,798",20200127
14,美國,不完美的正義,2020/1/17,美商華納兄弟（遠東）股份有限公司台灣分公司,WARNER BROS. PICTURES INTERNATIONAL.,87,"8,999",-51.29%,"2,110,303","44,660","10,310,366",20200127
41,中華民國,黑熊來了,2019/12/13,牽猴子整合行銷股份有限公司,大麥影像傳播工作室,28,"4,736",-48.25%,"1,122,109","43,722","10,003,148",20200106
1,美國,重磅腥聞,2020/1/10,車庫娛樂股份有限公司,LIONS GATE INTERNATIONAL (UK) LIMITED,67,"21,855",4.53%,"5,081,968","42,763","9,927,712",20200113
69,中華民國,傻傻愛你，傻傻愛我,2019/11/1,華映娛樂股份有限公司,華映娛樂股份有限公司##講故事有限公司##中環國際娛樂事業股份有限公司##星泰國際娛樂股份有限公司##樂到家國際娛樂股份有限公司##艾迪昇傳播事業有限公司##滿滿額娛樂股份有限公司##天際娛樂股份有限公司##劇龍製作有限公司,1,12,-77.78%,"1,680","42,296","9,477,447",20200203
60,中華民國,傻傻愛你，傻傻愛我,2019/11/1,華映娛樂股份有限公司,華映娛樂股份有限公司##講故事有限公司##中環國際娛樂事業股份有限公司##星泰國際娛樂股份有限公司##樂到家國際娛樂股份有限公司##艾迪昇傳播事業有限公司##滿滿額娛樂股份有限公司##天際娛樂股份有限公司##劇龍製作有限公司,1,54,-6.90%,"8,360","42,284","9,475,767",20200127
68,中華民國,傻傻愛你，傻傻愛我,2019/11/1,華映娛樂股份有限公司,華映娛樂股份有限公司##講故事有限公司##中環國際娛樂事業股份有限公司##星泰國際娛樂股份有限公司##樂到家國際娛樂股份有限公司##艾迪昇傳播事業有限公司##滿滿額娛樂股份有限公司##天際娛樂股份有限公司##劇龍製作有限公司,2,58,-32.56%,"8,700","42,230","9,467,407",20200120
77,中華民國,傻傻愛你，傻傻愛我,2019/11/1,華映娛樂股份有限公司,華映娛樂股份有限公司##講故事有限公司##中環國際娛樂事業股份有限公司##星泰國際娛樂股份有限公司##樂到家國際娛樂股份有限公司##艾迪昇傳播事業有限公司##滿滿額娛樂股份有限公司##天際娛樂股份有限公司##劇龍製作有限公司,2,86,186.67%,"13,320","42,172","9,458,707",20200113
76,中華民國,傻傻愛你，傻傻愛我,2019/11/1,華映娛樂股份有限公司,華映娛樂股份有限公司##講故事有限公司##中環國際娛樂事業股份有限公司##星泰國際娛樂股份有限公司##樂到家國際娛樂股份有限公司##艾迪昇傳播事業有限公司##滿滿額娛樂股份有限公司##天際娛樂股份有限公司##劇龍製作有限公司,1,30,0.00%,"4,800","42,086","9,445,387",20200106
75,中華民國,江湖無難事,2019/10/9,鹿路電影有限公司,上海愛美影視文化傳媒有限公司##滿滿額娛樂股份有限公司##華映娛樂股份有限公司##內容物數位電影製作有限公司##高雄人##鹿路電影有限公司##發條映?有限公司##百聿數碼創意股份有限公司,1,25,0.00%,"2,420","42,566","9,225,468",20200203
80,中華民國,江湖無難事,2019/10/9,鹿路電影有限公司,上海愛美影視文化傳媒有限公司##滿滿額娛樂股份有限公司##華映娛樂股份有限公司##內容物數位電影製作有限公司##高雄人##鹿路電影有限公司##發條映?有限公司##百聿數碼創意股份有限公司,3,146,-66.82%,"9,680","42,541","9,223,048",20200120
87,中華民國,江湖無難事,2019/10/9,鹿路電影有限公司,上海愛美影視文化傳媒有限公司##滿滿額娛樂股份有限公司##華映娛樂股份有限公司##內容物數位電影製作有限公司##高雄人##鹿路電影有限公司##發條映?有限公司##百聿數碼創意股份有限公司,3,440,19.57%,"27,590","42,395","9,213,368",20200113
86,中華民國,江湖無難事,2019/10/9,鹿路電影有限公司,上海愛美影視文化傳媒有限公司##滿滿額娛樂股份有限公司##華映娛樂股份有限公司##內容物數位電影製作有限公司##高雄人##鹿路電影有限公司##發條映?有限公司##百聿數碼創意股份有限公司,4,368,295.70%,"25,680","41,955","9,185,778",20200106
82,日本,海獸之子,2019/10/9,香港商甲上娛樂有限公司台灣分公司,株式會社 Beyond C.,1,4,-73.33%,520,"37,450","8,694,096",20200120
90,日本,海獸之子,2019/10/9,香港商甲上娛樂有限公司台灣分公司,株式會社 Beyond C.,1,15,-6.25%,"1,950","37,446","8,693,576",20200113
91,日本,海獸之子,2019/10/9,香港商甲上娛樂有限公司台灣分公司,株式會社 Beyond C.,1,16,-89.74%,"2,080","37,431","8,691,626",20200106
57,日本,HELLO WORLD,2019/11/15,車庫娛樂股份有限公司,"TOHO CO., LTD.",1,32,-40.74%,"7,315","34,959","8,235,411",20200120
65,日本,HELLO WORLD,2019/11/15,車庫娛樂股份有限公司,"TOHO CO., LTD.",2,54,-56.10%,"12,230","34,927","8,228,096",20200113
65,日本,HELLO WORLD,2019/11/15,車庫娛樂股份有限公司,"TOHO CO., LTD.",3,123,46.43%,"26,830","34,873","8,215,866",20200106
1,美國,不完美的正義,2020/1/17,美商華納兄弟（遠東）股份有限公司台灣分公司,WARNER BROS. PICTURES INTERNATIONAL.,88,"18,428",7.23%,"4,255,613","35,614","8,189,288",20200120
46,美國,大說謊家,2019/12/13,美商華納兄弟（遠東）股份有限公司台灣分公司,WARNER BROS. PICTURES INTERNATIONAL.,4,357,0.00%,"23,790","35,291","8,000,270",20200203
48,美國,大說謊家,2019/12/13,美商華納兄弟（遠東）股份有限公司台灣分公司,WARNER BROS. PICTURES INTERNATIONAL.,2,12,-88.46%,"2,715","34,934","7,976,480",20200113
43,美國,大說謊家,2019/12/13,美商華納兄弟（遠東）股份有限公司台灣分公司,WARNER BROS. PICTURES INTERNATIONAL.,6,104,-87.14%,"23,065","34,922","7,973,765",20200106
78,英國,無間行動,2019/9/27,星泰國際娛樂股份有限公司,Batrax Entertainment,1,54,-65.82%,"2,970","36,369","7,823,942",20200203
70,英國,無間行動,2019/9/27,星泰國際娛樂股份有限公司,Batrax Entertainment,1,158,0.00%,"8,690","36,315","7,820,972",20200127
86,英國,無間行動,2019/9/27,星泰國際娛樂股份有限公司,Batrax Entertainment,1,158,-44.95%,"8,690","36,157","7,812,282",20200120
94,英國,無間行動,2019/9/27,星泰國際娛樂股份有限公司,Batrax Entertainment,2,287,-53.41%,"15,510","35,999","7,803,592",20200113
94,英國,無間行動,2019/9/27,星泰國際娛樂股份有限公司,Batrax Entertainment,3,616,1.48%,"35,485","35,712","7,788,082",20200106
55,美國,暴走曼哈頓,2019/11/29,英屬蓋曼群島商威望國際娛樂股份有限公司台灣分公司,"STX Productions, LLC",5,254,-18.85%,"28,760","32,511","7,130,448",20200203
47,美國,暴走曼哈頓,2019/11/29,英屬蓋曼群島商威望國際娛樂股份有限公司台灣分公司,"STX Productions, LLC",3,313,79.89%,"29,100","32,257","7,101,688",20200127
50,美國,暴走曼哈頓,2019/11/29,英屬蓋曼群島商威望國際娛樂股份有限公司台灣分公司,"STX Productions, LLC",2,174,0.00%,"14,380","31,944","7,072,588",20200120
100,美國,舞孃騙很大,2019/9/12,英屬蓋曼群島商威望國際娛樂股份有限公司台灣分公司,"STX Productions, LLC",2,132,-71.67%,"6,975","32,598","7,053,904",20200106
81,南韓,電影版 壞傢伙們,2019/10/9,車庫娛樂股份有限公司,"CJ ENM CO., LTD.",1,53,-47.52%,"4,140","29,161","6,516,193",20200120
88,南韓,電影版 壞傢伙們,2019/10/9,車庫娛樂股份有限公司,"CJ ENM CO., LTD.",1,101,-3.81%,"8,200","29,108","6,512,053",20200113
90,南韓,電影版 壞傢伙們,2019/10/9,車庫娛樂股份有限公司,"CJ ENM CO., LTD.",1,105,-56.61%,"8,220","29,007","6,503,853",20200106
71,中華民國,盲人律師,2019/10/18,春暉映像有限公司,牧風電影事業有限合夥,2,42,600.00%,"11,010","28,385","6,215,086",20200203
64,中華民國,盲人律師,2019/10/18,春暉映像有限公司,牧風電影事業有限合夥,1,6,-92.77%,"1,330","28,343","6,204,076",20200127
76,中華民國,盲人律師,2019/10/18,春暉映像有限公司,牧風電影事業有限合夥,2,83,-12.63%,"16,750","28,337","6,202,746",20200120
83,中華民國,盲人律師,2019/10/18,春暉映像有限公司,牧風電影事業有限合夥,2,95,-71.39%,"19,625","28,254","6,185,996",20200113
82,中華民國,盲人律師,2019/10/18,春暉映像有限公司,牧風電影事業有限合夥,4,332,46.26%,"71,505","28,159","6,166,371",20200106
67,美國,絕鯊47：猛鯊出籠,2019/11/1,車庫娛樂股份有限公司,GEM ENTERTAINMENT KFT.,5,413,0.00%,"31,330","26,839","5,858,590",20200203
91,澳洲,108悍將,2019/10/4,台北?喜電影發行股份有限公司,Media Film International,1,172,-50.72%,"18,450","27,435","5,680,240",20200113
92,澳洲,108悍將,2019/10/4,台北?喜電影發行股份有限公司,Media Film International,3,349,-44.78%,"35,670","27,263","5,661,790",20200106
80,南韓,分秒幣爭,2018/11/30,華映娛樂股份有限公司,"CJ ENM CO., LTD",1,1,0.00%,100,"22,102","4,929,376",20200127
56,美國,布魯克林孤兒,2019/11/29,美商華納兄弟（遠東）股份有限公司台灣分公司,WARNER BROS. PICTURES INTERNATIONAL.,4,255,40.88%,"25,255","21,312","4,722,709",20200203
48,美國,布魯克林孤兒,2019/11/29,美商華納兄弟（遠東）股份有限公司台灣分公司,WARNER BROS. PICTURES INTERNATIONAL.,3,181,4.02%,"24,580","21,057","4,697,454",20200127
49,美國,布魯克林孤兒,2019/11/29,美商華納兄弟（遠東）股份有限公司台灣分公司,WARNER BROS. PICTURES INTERNATIONAL.,2,174,135.14%,"17,700","20,876","4,672,874",20200120
59,美國,布魯克林孤兒,2019/11/29,美商華納兄弟（遠東）股份有限公司台灣分公司,WARNER BROS. PICTURES INTERNATIONAL.,1,74,0.00%,"5,740","20,702","4,655,174",20200113
97,美國,校外打怪教學,2019/9/27,英屬蓋曼群島商威望國際娛樂股份有限公司台灣分公司,PROTAGONIST PICTURES LIMITED,1,19,-81.37%,"1,710","21,345","4,586,685",20200113
97,美國,校外打怪教學,2019/9/27,英屬蓋曼群島商威望國際娛樂股份有限公司台灣分公司,PROTAGONIST PICTURES LIMITED,2,102,-60.62%,"7,665","21,326","4,584,975",20200106
65,美國,救火奶爸,2019/11/8,美商美國派拉蒙影片股份有限公司台灣分公司,PARAMOUNT PICTURES CORPORATION,7,537,20.95%,"44,905","20,655","4,547,982",20200203
58,美國,救火奶爸,2019/11/8,美商美國派拉蒙影片股份有限公司台灣分公司,PARAMOUNT PICTURES CORPORATION,6,444,0.00%,"35,185","20,118","4,503,077",20200127
47,美國,黑色聖誕節,2019/12/13,美商美國環球影片股份有限公司台灣分公司,UNIVERSAL INTERNATIONAL FILMS LLC,2,10,-83.05%,"1,900","18,123","4,105,572",20200106
87,美國,瞞天機密,2019/9/27,采昌國際多媒體股份有限公司,FILM & TV HOUSE LIMITED,1,69,-46.92%,"5,480","18,263","4,043,001",20200120
95,美國,瞞天機密,2019/9/27,采昌國際多媒體股份有限公司,FILM & TV HOUSE LIMITED,1,130,-42.73%,"10,220","18,194","4,037,521",20200113
96,美國,瞞天機密,2019/9/27,采昌國際多媒體股份有限公司,FILM & TV HOUSE LIMITED,2,227,-32.44%,"18,150","18,064","4,027,301",20200106
60,馬來西亞,夕霧花園,2019/11/29,香港商甲上娛樂有限公司台灣分公司,"CJ ENM CO.,LTD",1,13,-64.86%,"2,840","17,500","3,953,125",20200113
59,馬來西亞,夕霧花園,2019/11/29,香港商甲上娛樂有限公司台灣分公司,"CJ ENM CO.,LTD",1,37,-63.37%,"8,850","17,487","3,950,285",20200106
93,義大利,海上鋼琴師,1998/1/1,海鵬影業有限公司,True Colours Glorious Films Srl,4,157,-64.64%,"34,930","17,019","3,855,888",20200203
22,日本,巧虎電影 英雄遊樂園,2020/1/17,全民大劇團股份有限公司,法人倍樂生株式會社,17,"1,087",-71.68%,"250,671","16,283","3,847,246",20200203
83,義大利,海上鋼琴師,1998/1/1,海鵬影業有限公司,True Colours Glorious Films Srl,10,444,-50.72%,"96,750","16,862","3,820,958",20200127
106,義大利,海上鋼琴師,1998/1/1,海鵬影業有限公司,True Colours Glorious Films Srl,14,918,-61.27%,"206,422","16,435","3,727,818",20200120
9,南韓,紅鞋公主與七矮人,2020/1/30,可樂藝術文創股份有限公司,"FINECUT CO., LTD",44,"7,314",-13.52%,"1,690,822","15,883","3,674,938",20200203
71,美國,金翅雀,2019/10/25,美商華納兄弟（遠東）股份有限公司台灣分公司,WARNER BROS. PICTURES INTERNATIONAL.,1,22,-72.50%,"3,080","17,177","3,618,973",20200120
14,中華民國,喜從天降,2020/1/23,影一製作所股份有限公司,影一製作所股份有限公司,34,421,-93.54%,"94,080","15,970","3,616,919",20200203
78,美國,金翅雀,2019/10/25,美商華納兄弟（遠東）股份有限公司台灣分公司,WARNER BROS. PICTURES INTERNATIONAL.,1,80,-8.05%,"11,680","17,155","3,615,893",20200113
78,美國,金翅雀,2019/10/25,美商華納兄弟（遠東）股份有限公司台灣分公司,WARNER BROS. PICTURES INTERNATIONAL.,3,87,-81.88%,"10,680","17,075","3,604,213",20200106
12,日本,巧虎電影 英雄遊樂園,2020/1/17,全民大劇團股份有限公司,法人倍樂生株式會社,17,"3,838",-27.15%,"903,152","15,196","3,596,575",20200127
79,日本,信用詐欺師JP,2019/9/27,傳影互動股份有限公司,PONY CANYON INC,1,19,-67.24%,"2,660","15,573","3,560,507",20200203
68,日本,信用詐欺師JP,2019/9/27,傳影互動股份有限公司,PONY CANYON INC,1,58,0.00%,"8,960","15,554","3,557,847",20200127
85,日本,信用詐欺師JP,2019/9/27,傳影互動股份有限公司,PONY CANYON INC,1,58,93.33%,"8,720","15,496","3,548,887",20200120
96,日本,信用詐欺師JP,2019/9/27,傳影互動股份有限公司,PONY CANYON INC,1,30,0.00%,"4,800","15,438","3,540,167",20200113
27,中華民國,你的情歌,2020/1/2,香港商甲上娛樂有限公司台灣分公司,奇想事企業有限公司##能率影業股份有限公司##香港商甲上娛樂有限公司台灣分公司 ##采昌國際多媒體股份有限公司  ##英屬維京群島商敦宜股份有限公司台灣分公司,68,"13,968",1679.36%,"3,308,626","14,875","3,535,566",20200120
2,中華民國,喜從天降,2020/1/23,影一製作所股份有限公司,影一製作所股份有限公司,35,"6,512",-26.43%,"1,460,012","15,549","3,522,839",20200127
118,義大利,海上鋼琴師,1998/1/1,海鵬影業有限公司,True Colours Glorious Films Srl,15,"2,370",-26.60%,"532,859","15,517","3,521,396",20200113
42,法國,燃燒女子的畫像,2019/12/20,東昊影業有限公司,MK2 Films,6,432,-28.48%,"94,940","14,204","3,134,923",20200203
102,日本,夏日大作戰,2018/8/10,傳影互動股份有限公司,STUDIO CHIZU LLP,5,"2,678",-27.48%,"1,223,470","7,087","3,059,151",20200120
37,法國,燃燒女子的畫像,2019/12/20,東昊影業有限公司,MK2 Films,7,604,-32.36%,"131,840","13,772","3,039,983",20200127
120,義大利,海上鋼琴師,1998/1/1,海鵬影業有限公司,True Colours Glorious Films Srl,15,"3,229",-50.76%,"740,093","13,147","2,988,537",20200106
30,日本,魯邦三世 THE FIRST,2020/1/10,向洋影業有限公司,株式?社?????????????,1,51,-64.08%,"12,230","13,337","2,986,230",20200203
85,西班牙,痛苦與榮耀,2019/8/2,傳影互動股份有限公司,BATRAX ENTERTAINMENT B.V.,1,30,-42.31%,"6,120","14,650","2,985,122",20200203
74,西班牙,痛苦與榮耀,2019/8/2,傳影互動股份有限公司,BATRAX ENTERTAINMENT B.V.,1,52,271.43%,"10,720","14,620","2,979,002",20200127
21,日本,魯邦三世 THE FIRST,2020/1/10,向洋影業有限公司,株式?社?????????????,7,142,-94.11%,"33,347","13,286","2,974,000",20200127
96,西班牙,痛苦與榮耀,2019/8/2,傳影互動股份有限公司,BATRAX ENTERTAINMENT B.V.,1,14,0.00%,"2,960","14,568","2,968,282",20200120
22,美國,驅魔直播,2020/1/3,海樂影業股份有限公司,"THE CLEANSING HOUR, LLC.",23,331,-85.01%,"73,090","13,409","2,960,726",20200120
26,英國,大監獄行動,2020/1/10,台北?喜電影發行股份有限公司,Media Film International,4,27,-97.61%,"6,960","13,384","2,954,830",20200127
13,英國,大監獄行動,2020/1/10,台北?喜電影發行股份有限公司,Media Film International,37,"1,128",-79.22%,"249,535","13,357","2,947,870",20200120
12,日本,魯邦三世 THE FIRST,2020/1/10,向洋影業有限公司,株式?社?????????????,69,"2,411",-58.43%,"535,180","13,144","2,940,653",20200120
38,法國,燃燒女子的畫像,2019/12/20,東昊影業有限公司,MK2 Films,9,907,-49.36%,"201,287","13,182","2,911,013",20200120
11,美國,驅魔直播,2020/1/3,海樂影業股份有限公司,"THE CLEANSING HOUR, LLC.",43,"2,208",-61.12%,"486,257","13,078","2,887,636",20200113
54,香港,催眠 . 裁決,2019/11/15,香港商甲上娛樂有限公司台灣分公司,大河影業揚州有限公司##完美威秀娛樂（香港）有限公司##美亞電影製作有限公司##星門娛樂有限公司##耳東影業(北京)有限公司##北京太平盛世文化傳播股份有限公司##北京盛世影隆文化傳播有限公司##北京潤德澤鑫投資基金管理有限公司 ##中映華夏（北京）文化傳媒有限公司,1,56,-12.50%,"8,640","12,241","2,795,664",20200127
56,香港,催眠 . 裁決,2019/11/15,香港商甲上娛樂有限公司台灣分公司,大河影業揚州有限公司##完美威秀娛樂（香港）有限公司##美亞電影製作有限公司##星門娛樂有限公司##耳東影業(北京)有限公司##北京太平盛世文化傳播股份有限公司##北京盛世影隆文化傳播有限公司##北京潤德澤鑫投資基金管理有限公司 ##中映華夏（北京）文化傳媒有限公司,1,64,-13.51%,"9,640","12,185","2,787,024",20200120
67,香港,催眠 . 裁決,2019/11/15,香港商甲上娛樂有限公司台灣分公司,大河影業揚州有限公司##完美威秀娛樂（香港）有限公司##美亞電影製作有限公司##星門娛樂有限公司##耳東影業(北京)有限公司##北京太平盛世文化傳播股份有限公司##北京盛世影隆文化傳播有限公司##北京潤德澤鑫投資基金管理有限公司 ##中映華夏（北京）文化傳媒有限公司,2,74,15.63%,"11,440","12,121","2,777,384",20200113
67,香港,催眠 . 裁決,2019/11/15,香港商甲上娛樂有限公司台灣分公司,大河影業揚州有限公司##完美威秀娛樂（香港）有限公司##美亞電影製作有限公司##星門娛樂有限公司##耳東影業(北京)有限公司##北京太平盛世文化傳播股份有限公司##北京盛世影隆文化傳播有限公司##北京潤德澤鑫投資基金管理有限公司 ##中映華夏（北京）文化傳媒有限公司,1,64,88.24%,"9,820","12,047","2,765,944",20200106
40,法國,燃燒女子的畫像,2019/12/20,東昊影業有限公司,MK2 Films,10,"1,791",-15.08%,"397,452","12,275","2,709,726",20200113
3,英國,大監獄行動,2020/1/10,台北?喜電影發行股份有限公司,Media Film International,39,"5,429",-20.16%,"1,194,183","12,229","2,698,335",20200113
2,日本,巧虎電影 英雄遊樂園,2020/1/17,全民大劇團股份有限公司,法人倍樂生株式會社,17,"5,268",-13.50%,"1,263,118","11,358","2,693,423",20200120
99,美國,唐頓莊園,2019/9/20,美商美國環球影片股份有限公司台灣分公司,UNIVERSAL INTERNATIONAL FILMS LLC,1,56,-85.79%,"2,800","11,381","2,536,698",20200106
44,美國,熱氣球飛行家,2019/12/13,車庫娛樂股份有限公司,AMAZON CONTENT SERVICES LLC,2,166,654.55%,"36,435","11,130","2,478,165",20200113
46,美國,熱氣球飛行家,2019/12/13,車庫娛樂股份有限公司,AMAZON CONTENT SERVICES LLC,2,22,-82.81%,"4,770","10,964","2,441,730",20200106
50,英國,茱蒂,2019/12/10,采昌國際多媒體股份有限公司,"PATHE FUND LIMITED, acting through its division PATHE INTERNATIONAL",12,260,45.25%,"61,804","11,020","2,431,287",20200203
77,美國,囧媽的極地任務,2019/9/27,車庫娛樂股份有限公司,METRO-GOLDWYN-MAYER STUDIOS INC.,2,108,-64.00%,"5,745","11,904","2,408,421",20200203
2,日本,魯邦三世 THE FIRST,2020/1/10,向洋影業有限公司,株式?社?????????????,75,"5,800",17.58%,"1,297,808","10,733","2,405,473",20200113
69,美國,囧媽的極地任務,2019/9/27,車庫娛樂股份有限公司,METRO-GOLDWYN-MAYER STUDIOS INC.,3,300,-32.28%,"18,715","11,796","2,402,676",20200127
3,美國,驅魔直播,2020/1/3,海樂影業股份有限公司,"THE CLEANSING HOUR, LLC.",43,"5,679",9.40%,"1,255,702","10,870","2,401,379",20200106
84,美國,囧媽的極地任務,2019/9/27,車庫娛樂股份有限公司,METRO-GOLDWYN-MAYER STUDIOS INC.,5,443,-23.88%,"31,250","11,496","2,383,961",20200120
42,英國,茱蒂,2019/12/10,采昌國際多媒體股份有限公司,"PATHE FUND LIMITED, acting through its division PATHE INTERNATIONAL",6,179,-34.67%,"40,393","10,760","2,369,483",20200127
93,美國,囧媽的極地任務,2019/9/27,車庫娛樂股份有限公司,METRO-GOLDWYN-MAYER STUDIOS INC.,6,582,107.12%,"50,615","11,053","2,352,711",20200113
45,英國,茱蒂,2019/12/10,采昌國際多媒體股份有限公司,"PATHE FUND LIMITED, acting through its division PATHE INTERNATIONAL",8,277,-60.49%,"62,155","10,584","2,329,640",20200120
34,法國,燃燒女子的畫像,2019/12/20,東昊影業有限公司,MK2 Films,10,"2,109",-39.05%,"463,425","10,484","2,312,274",20200106
95,美國,囧媽的極地任務,2019/9/27,車庫娛樂股份有限公司,METRO-GOLDWYN-MAYER STUDIOS INC.,4,281,384.48%,"32,090","10,471","2,302,096",20200106
30,美國,別告訴她,2020/1/3,車庫娛樂股份有限公司,"A24 INTERNATIONAL, LLC",1,110,-73.30%,"25,080","10,383","2,300,798",20200127
10,美國,黑水風暴,2020/1/30,車庫娛樂股份有限公司,"STORYTELLER DISTRIBUTION CO., LLC",49,"4,145",-27.99%,"950,549","9,901","2,290,359",20200203
21,美國,別告訴她,2020/1/3,車庫娛樂股份有限公司,"A24 INTERNATIONAL, LLC",15,412,-79.66%,"91,045","10,273","2,276,718",20200120
52,英國,茱蒂,2019/12/10,采昌國際多媒體股份有限公司,"PATHE FUND LIMITED, acting through its division PATHE INTERNATIONAL",8,701,-29.76%,"149,444","10,307","2,267,485",20200113
12,美國,別告訴她,2020/1/3,車庫娛樂股份有限公司,"A24 INTERNATIONAL, LLC",35,"2,026",-56.23%,"445,064","9,861","2,185,673",20200113
55,日本,人間失格：太宰治與他的3個女人,2019/12/6,車庫娛樂股份有限公司,"ASMIK ACE, INC.",2,23,-68.92%,"5,745","9,388","2,164,123",20200113
53,日本,人間失格：太宰治與他的3個女人,2019/12/6,車庫娛樂股份有限公司,"ASMIK ACE, INC.",3,74,-64.59%,"16,770","9,365","2,158,378",20200106
39,法國,潛艦追緝,2019/12/27,鴻聯國際開發股份有限公司,PATHE FILMS S.A.S,1,24,26.32%,"3,120","9,679","2,125,577",20200203
32,法國,潛艦追緝,2019/12/27,鴻聯國際開發股份有限公司,PATHE FILMS S.A.S,3,19,-89.33%,"4,865","9,655","2,122,457",20200127
50,英國,茱蒂,2019/12/10,采昌國際多媒體股份有限公司,"PATHE FUND LIMITED, acting through its division PATHE INTERNATIONAL",10,998,-46.86%,"218,881","9,606","2,118,041",20200106
31,法國,潛艦追緝,2019/12/27,鴻聯國際開發股份有限公司,PATHE FILMS S.A.S,6,178,-67.58%,"39,240","9,636","2,117,592",20200120
16,中華民國,殺手撿到槍,2020/1/23,星泰國際娛樂股份有限公司,滿滿額娛樂股份有限公司##華納集團,25,369,-90.73%,"82,605","9,359","2,094,660",20200203
33,法國,潛艦追緝,2019/12/27,鴻聯國際開發股份有限公司,PATHE FILMS S.A.S,16,549,-59.06%,"123,866","9,458","2,078,352",20200113
1,中華民國,殺手撿到槍,2020/1/23,星泰國際娛樂股份有限公司,滿滿額娛樂股份有限公司##華納集團,31,"3,981",-5.73%,"894,316","8,990","2,012,055",20200127
23,法國,潛艦追緝,2019/12/27,鴻聯國際開發股份有限公司,PATHE FILMS S.A.S,23,"1,341",-71.03%,"294,238","8,909","1,954,486",20200106
88,南韓,變身,2019/9/27,車庫娛樂股份有限公司,CONTENTS PANDA,1,13,0.00%,"2,900","8,617","1,952,946",20200120
102,加拿大,衝擊真相,2019/9/12,威視股份有限公司,BANKSIDE FILMS LTD,1,57,-77.65%,"3,135","8,944","1,908,418",20200106
45,中華民國,為你存在的每一天,2019/12/13,星泰國際娛樂股份有限公司,瑞陞傳播有限公司##星映電影有限公司,1,112,1766.67%,"26,880","8,506","1,855,133",20200113
112,日本,夏日大作戰,2018/8/10,傳影互動股份有限公司,STUDIO CHIZU LLP,5,"3,693",0.00%,"1,678,475","4,409","1,835,681",20200113
48,中華民國,為你存在的每一天,2019/12/13,星泰國際娛樂股份有限公司,瑞陞傳播有限公司##星映電影有限公司,2,6,-99.31%,"1,310","8,394","1,828,253",20200106
27,日本,《少女與戰車 總集篇4DX》-第63屆戰車道全國高中生大會,2020/1/3,蜜蜂工房創藝有限公司,Hakuhodo DY music &amp## pictures Inc.,6,101,-35.26%,"44,657","3,833","1,743,803",20200127
4,美國,別告訴她,2020/1/3,車庫娛樂股份有限公司,"A24 INTERNATIONAL, LLC",40,"4,629",44.39%,"1,025,995","7,835","1,740,609",20200106
73,日本,失憶的總理大臣,2019/10/25,傳影互動股份有限公司,PONY CANYON INC,1,6,-89.09%,900,"7,866","1,724,157",20200120
80,日本,失憶的總理大臣,2019/10/25,傳影互動股份有限公司,PONY CANYON INC,2,55,-51.75%,"7,960","7,860","1,723,257",20200113
77,日本,失憶的總理大臣,2019/10/25,傳影互動股份有限公司,PONY CANYON INC,2,114,-8.06%,"17,140","7,805","1,715,297",20200106
23,日本,《少女與戰車 總集篇4DX》-第63屆戰車道全國高中生大會,2020/1/3,蜜蜂工房創藝有限公司,Hakuhodo DY music &amp## pictures Inc.,6,156,-69.77%,"69,816","3,732","1,699,146",20200120
114,美國,穆荷蘭大道,2017/9/29,東昊影業有限公司,(法國)STUDIOCANAL S.A.S,1,4,-71.43%,800,"7,836","1,678,300",20200113
117,美國,穆荷蘭大道,2017/9/29,東昊影業有限公司,(法國)STUDIOCANAL S.A.S,1,14,600.00%,"2,800","7,832","1,677,500",20200106
46,德國,呆萌特務,2019/12/6,木棉花國際股份有限公司,Telepool GmbH,1,48,-74.19%,"9,600","7,544","1,674,930",20200120
65,中華民國,重甲機神：神降臨,2019/11/8,威視股份有限公司,乾坤一擊創意股份有限公司,1,1,-93.33%,300,"7,174","1,670,229",20200120
55,中華民國,重甲機神：神降臨,2019/11/8,威視股份有限公司,乾坤一擊創意股份有限公司,1,0,-100.00%,0,"7,174","1,670,229",20200127
72,中華民國,重甲機神：神降臨,2019/11/8,威視股份有限公司,乾坤一擊創意股份有限公司,1,15,150.00%,"3,520","7,173","1,669,929",20200113
73,中華民國,重甲機神：神降臨,2019/11/8,威視股份有限公司,乾坤一擊創意股份有限公司,1,6,100.00%,"1,400","7,158","1,666,409",20200106
53,德國,呆萌特務,2019/12/6,木棉花國際股份有限公司,Telepool GmbH,4,186,257.69%,"40,035","7,496","1,665,330",20200113
13,日本,《少女與戰車 總集篇4DX》-第63屆戰車道全國高中生大會,2020/1/3,蜜蜂工房創藝有限公司,Hakuhodo DY music &amp## pictures Inc.,6,516,-68.09%,"232,225","3,576","1,629,330",20200113
54,德國,呆萌特務,2019/12/6,木棉花國際股份有限公司,Telepool GmbH,4,52,-67.09%,"11,125","7,310","1,625,295",20200106
43,日本,假面騎士ZI-O Over Quartzer/快盜戰隊魯邦連者VS警察戰隊巡邏連者 en film,2019/12/13,木棉花國際股份有限公司,"TOEI COMPANY, LTD.",1,8,-76.47%,"1,900","6,746","1,617,375",20200120
46,日本,假面騎士ZI-O Over Quartzer/快盜戰隊魯邦連者VS警察戰隊巡邏連者 en film,2019/12/13,木棉花國際股份有限公司,"TOEI COMPANY, LTD.",2,34,-41.38%,"7,760","6,738","1,615,475",20200113
44,日本,假面騎士ZI-O Over Quartzer/快盜戰隊魯邦連者VS警察戰隊巡邏連者 en film,2019/12/13,木棉花國際股份有限公司,"TOEI COMPANY, LTD.",3,58,-67.05%,"18,150","6,704","1,607,715",20200106
51,日本,特約經紀公司,2019/12/6,華映娛樂股份有限公司,"SHOCHIKU CO., LTD.",1,38,46.15%,"5,780","7,174","1,600,880",20200203
43,日本,特約經紀公司,2019/12/6,華映娛樂股份有限公司,"SHOCHIKU CO., LTD.",1,26,0.00%,"4,160","7,136","1,595,100",20200127
55,日本,特約經紀公司,2019/12/6,華映娛樂股份有限公司,"SHOCHIKU CO., LTD.",1,38,-59.57%,"8,580","7,110","1,590,940",20200106
33,中華民國,大約在冬季,2019/12/27,台北?喜電影發行股份有限公司,北京恐龍影業有限公司##浙江橫店影業有限公司##天津貓眼微影文化傳媒有限公司##耀萊影視文化傳媒有限公司##江蘇雪漫舍影業有限公司##騰訊影業文化傳播有限公司##峨眉電影集團有限公司##北京星光耀萊文化傳媒有限公司##東方晨翔文化投資（武漢）有限公司##長春思婉影視文化有限公司##香港騰訊影業有限公司##上海貓眼影業有限公司##墨客行影業（北京）有限公司,1,16,-93.52%,"3,980","6,666","1,566,414",20200120
34,中華民國,大約在冬季,2019/12/27,台北?喜電影發行股份有限公司,北京恐龍影業有限公司##浙江橫店影業有限公司##天津貓眼微影文化傳媒有限公司##耀萊影視文化傳媒有限公司##江蘇雪漫舍影業有限公司##騰訊影業文化傳播有限公司##峨眉電影集團有限公司##北京星光耀萊文化傳媒有限公司##東方晨翔文化投資（武漢）有限公司##長春思婉影視文化有限公司##香港騰訊影業有限公司##上海貓眼影業有限公司##墨客行影業（北京）有限公司,8,247,-48.54%,"53,075","6,650","1,562,434",20200113
24,中華民國,大約在冬季,2019/12/27,台北?喜電影發行股份有限公司,"北京恐龍影業有限公司, 浙江橫店影業有限公司, 天津貓眼微影文化傳媒有限公司, 耀萊影視文化傳媒有限公司, 江蘇雪漫舍影業有限公司, 騰訊影業文化傳播有限公司, 峨眉電影集團有限公司, 北京星光耀萊文化傳媒有限公司, 東方晨翔文化投資（武漢）有限公司, 長春思婉影視文化有限公司, 香港騰訊影業有限公司, 上海貓眼影業有限公司, 墨客行影業（北京）有限公司",10,480,-79.62%,"112,903","6,403","1,509,359",20200106
88,西班牙,騙局,2019/3/22,海鵬影業有限公司,Latido Consorcio De Exportacion Del Cine Espanol SL,1,2,0.00%,250,"6,403","1,429,688",20200203
113,西班牙,騙局,2019/3/22,海鵬影業有限公司,Latido Consorcio De Exportacion Del Cine Espanol SL,1,10,0.00%,"1,520","6,401","1,429,438",20200106
5,日本,《少女與戰車 總集篇4DX》-第63屆戰車道全國高中生大會,2020/1/3,蜜蜂工房創藝有限公司,Hakuhodo DY music &amp## pictures Inc.,6,"1,617",12.06%,"738,945","3,060","1,397,105",20200106
84,美國,仙戒奇緣,2019/8/16,可樂藝術文創股份有限公司,Gold Valley Films Inc.,1,98,-70.03%,"4,900","6,635","1,365,465",20200203
73,美國,仙戒奇緣,2019/8/16,可樂藝術文創股份有限公司,Gold Valley Films Inc.,1,327,133.57%,"16,350","6,537","1,360,565",20200127
108,美國,教父I,1972/1/1,捷傑有限公司,United International Pictures,1,22,-71.43%,"4,740","5,199","1,349,022",20200120
120,美國,教父I,1972/1/1,捷傑有限公司,United International Pictures,2,77,-15.38%,"17,120","5,177","1,344,282",20200113
93,美國,仙戒奇緣,2019/8/16,可樂藝術文創股份有限公司,Gold Valley Films Inc.,1,140,677.78%,"7,000","6,210","1,344,215",20200120
103,美國,仙戒奇緣,2019/8/16,可樂藝術文創股份有限公司,Gold Valley Films Inc.,1,18,-71.43%,"1,500","6,070","1,337,215",20200113
107,美國,仙戒奇緣,2019/8/16,新竹市政府文化局,Gold Valley Films Inc.,1,63,-55.63%,"5,060","6,052","1,335,715",20200106
122,美國,教父I,1972/1/1,捷傑有限公司,United International Pictures,2,91,-13.33%,"19,630","5,100","1,327,162",20200106
15,西班牙,逃出天堂島,2020/1/10,海樂影業股份有限公司,GEM ENTERTAINMENT KFT.,37,313,-87.46%,"69,515","5,927","1,325,317",20200120
34,印度,真愛裁會贏,2020/1/3,水元素文化傳媒有限公司,YASH RAJ FILMS PRIVATE LIMITED,2,20,-92.00%,"4,140","5,972","1,260,791",20200203
28,印度,真愛裁會贏,2020/1/3,水元素文化傳媒有限公司,YASH RAJ FILMS PRIVATE LIMITED,2,250,-12.28%,"52,235","5,952","1,256,651",20200127
4,西班牙,逃出天堂島,2020/1/10,海樂影業股份有限公司,GEM ENTERTAINMENT KFT.,48,"2,497",-19.89%,"557,085","5,614","1,255,802",20200113
24,印度,真愛裁會贏,2020/1/3,水元素文化傳媒有限公司,YASH RAJ FILMS PRIVATE LIMITED,11,285,-69.94%,"61,315","5,702","1,204,416",20200120
81,日本,殺手餐廳,2019/9/20,天馬行空數位有限公司,Nippon Television Network Corporation,1,4,0.00%,"1,020","5,021","1,194,513",20200203
57,丹麥,懸案密碼前傳-瓶中信,2019/11/29,峻龍國際有限公司,"MultiVisionnaire , Inc",1,32,68.42%,"5,120","5,438","1,170,589",20200203
46,丹麥,懸案密碼前傳-瓶中信,2019/11/29,峻龍國際有限公司,"MultiVisionnaire , Inc",1,19,-58.70%,"2,990","5,406","1,165,469",20200127
51,丹麥,懸案密碼前傳-瓶中信,2019/11/29,峻龍國際有限公司,"MultiVisionnaire , Inc",1,46,-51.06%,"7,040","5,387","1,162,479",20200120
58,丹麥,懸案密碼前傳-瓶中信,2019/11/29,峻龍國際有限公司,"MultiVisionnaire , Inc",1,94,123.81%,"14,440","5,341","1,155,439",20200113
14,印度,真愛裁會贏,2020/1/3,水元素文化傳媒有限公司,YASH RAJ FILMS PRIVATE LIMITED,24,948,-55.60%,"199,045","5,417","1,143,101",20200113
60,丹麥,懸案密碼前傳-瓶中信,2019/11/29,峻龍國際有限公司,"MultiVisionnaire , Inc",1,42,0.00%,"6,720","5,247","1,140,999",20200106
72,日本,七個會議,2019/10/18,鴻聯國際開發股份有限公司,"Tokyo Broadcasting System Television, Inc.",1,24,0.00%,"3,840","5,183","1,131,362",20200203
78,日本,七個會議,2019/10/18,鴻聯國際開發股份有限公司,"Tokyo Broadcasting System Television, Inc.",1,28,-54.84%,"4,200","5,159","1,127,522",20200120
25,南韓,青春催落去,2020/1/17,車庫娛樂股份有限公司,CONTENTS PANDA,2,23,-83.21%,"5,400","5,027","1,124,700",20200203
84,日本,七個會議,2019/10/18,鴻聯國際開發股份有限公司,"Tokyo Broadcasting System Television, Inc.",1,62,121.43%,"9,500","5,131","1,123,322",20200113
13,南韓,青春催落去,2020/1/17,車庫娛樂股份有限公司,CONTENTS PANDA,11,137,-92.76%,"30,435","5,004","1,119,300",20200127
84,日本,七個會議,2019/10/18,鴻聯國際開發股份有限公司,"Tokyo Broadcasting System Television, Inc.",1,28,0.00%,"4,480","5,069","1,113,822",20200106
32,美國,惡靈20,2020/1/10,華映娛樂股份有限公司,Hyde Park Entertainment LLC,1,2,-93.94%,380,"4,823","1,091,478",20200203
25,美國,惡靈20,2020/1/10,華映娛樂股份有限公司,Hyde Park Entertainment LLC,1,33,-87.01%,"6,270","4,821","1,091,098",20200127
3,南韓,青春催落去,2020/1/17,車庫娛樂股份有限公司,CONTENTS PANDA,38,"1,891",-36.46%,"422,977","4,867","1,087,865",20200120
16,美國,惡靈20,2020/1/10,華映娛樂股份有限公司,Hyde Park Entertainment LLC,25,254,-87.79%,"56,285","4,788","1,084,828",20200120
50,加拿大,8級警戒,2019/12/13,車庫娛樂股份有限公司,"XYZ FILMS, LLC",1,6,-79.31%,"1,215","4,507","1,069,758",20200113
45,加拿大,8級警戒,2019/12/13,車庫娛樂股份有限公司,"XYZ FILMS, LLC",1,29,52.63%,"6,270","4,501","1,068,543",20200106
51,中國大陸,南方車站的聚會,2019/12/10,秝米有限公司,麥頌影視投資（上海）有限公司##山南光線影業有限公司##幸福藍海影視文化集團股份有限公司##騰訊影業文化傳播有限公司##萬達影視傳媒有限公司##綠光影業（上海）有限公司##和力辰光國際文化傳媒（北京）股份有限公司##中影（上海）影視文化投資管理中心（有限合夥）##一山文化（天津）合夥企業（有限合夥）##杭州嘉藝影視傳媒有限公司,1,49,-84.97%,"11,350","4,725","1,057,078",20200106
47,南韓,黑計畫,2019/12/13,英屬蓋曼群島商威望國際娛樂股份有限公司台灣分公司,Contents Panda,2,118,0.00%,"8,800","4,636","1,038,915",20200203
49,南韓,黑計畫,2019/12/13,英屬蓋曼群島商威望國際娛樂股份有限公司台灣分公司,Contents Panda,1,2,-93.10%,365,"4,518","1,030,115",20200106
6,美國,惡靈20,2020/1/10,華映娛樂股份有限公司,Hyde Park Entertainment LLC,35,"2,080",-15.24%,"474,455","4,534","1,028,543",20200113
107,美國,教父II,1974/1/1,捷傑有限公司,United International Pictures,1,30,-49.15%,"6,620","3,885","1,022,954",20200120
119,美國,教父II,1974/1/1,捷傑有限公司,United International Pictures,2,59,-28.92%,"12,910","3,855","1,016,334",20200113
31,日本,動畫電影版 我想吃掉你的胰臟,2020/1/10,車庫娛樂股份有限公司,ANIPLEX INC.,1,13,-75.93%,"3,400","4,174","1,009,066",20200203
22,日本,動畫電影版 我想吃掉你的胰臟,2020/1/10,車庫娛樂股份有限公司,ANIPLEX INC.,3,54,-93.04%,"12,795","4,161","1,005,666",20200127
121,美國,教父II,1974/1/1,捷傑有限公司,United International Pictures,2,83,36.07%,"18,410","3,796","1,003,424",20200106
2,新加坡,熱帶雨,2020/1/31,好威映象有限公司,Giraffe Pictures PTE Ltd.,26,"1,862",-24.03%,"414,686","4,313","1,000,823",20200203
14,日本,動畫電影版 我想吃掉你的胰臟,2020/1/10,車庫娛樂股份有限公司,ANIPLEX INC.,11,776,-61.32%,"186,460","4,107","992,871",20200120
15,日本,我們的7日戰爭,2020/1/23,海樂影業股份有限公司,KADOKAWA CORPORATION,15,393,-80.93%,"91,735","4,047","959,918",20200203
23,丹麥,在黑暗中漫舞：20週年數位修復版,2020/1/17,光年映畫有限公司,TRUSTNORDISK APS,8,320,-49.84%,"73,460","4,339","958,986",20200203
104,英國,李爾王,2016/4/23,威秀影城股份有限公司,THE ROYAL NATIONAL THEATRE,1,55,-6.78%,"37,040","1,376","955,800",20200120
6,印度,真愛裁會贏,2020/1/3,水元素文化傳媒有限公司,YASH RAJ FILMS PRIVATE LIMITED,26,"2,135",-8.53%,"446,184","4,469","944,056",20200106
115,英國,李爾王,2016/4/23,威秀影城股份有限公司,THE ROYAL NATIONAL THEATRE,5,59,0.00%,"39,920","1,321","918,760",20200113
91,法國,巴黎交易員,2017/5/12,海鵬影業有限公司,LE PACTE,1,3,0.00%,440,"3,972","899,445",20200203
118,法國,巴黎交易員,2017/5/12,海鵬影業有限公司,LE PACTE,1,2,0.00%,250,"3,969","899,005",20200106
11,丹麥,在黑暗中漫舞：20週年數位修復版,2020/1/17,光年映畫有限公司,TRUSTNORDISK APS,11,638,-56.21%,"144,222","4,019","885,526",20200127
72,法國,狙擊獵殺: 救援行動,2019/10/25,亮點國際影業有限公司,Playtime,1,12,-70.00%,"1,680","4,125","875,762",20200120
81,法國,狙擊獵殺: 救援行動,2019/10/25,亮點國際影業有限公司,Playtime,1,40,-33.33%,"5,880","4,113","874,082",20200113
3,日本,我們的7日戰爭,2020/1/23,海樂影業股份有限公司,KADOKAWA CORPORATION,26,"2,061",29.14%,"489,521","3,657","868,733",20200127
79,法國,狙擊獵殺: 救援行動,2019/10/25,亮點國際影業有限公司,Playtime,1,60,76.47%,"8,760","4,073","868,202",20200106
92,阿根廷,4x4 危機四伏,2019/9/12,水元素文化傳媒有限公司,Latido Consorcio de Exportaci?n del Cine Espanol SL,1,4,0.00%,760,"3,779","837,443",20200120
26,泰國,這一次不再錯過你,2020/1/3,傳影互動股份有限公司,"CJ ENM CO.,LTD",2,9,-96.83%,"2,110","3,634","828,661",20200120
64,美國,拍厲得,2019/11/8,車庫娛樂股份有限公司,WEINSTEIN GLOBAL FILM CORP.,1,6,-81.25%,840,"3,774","828,022",20200120
71,美國,拍厲得,2019/11/8,車庫娛樂股份有限公司,WEINSTEIN GLOBAL FILM CORP.,1,32,-42.86%,"4,720","3,768","827,182",20200113
15,泰國,這一次不再錯過你,2020/1/3,傳影互動股份有限公司,"CJ ENM CO.,LTD",22,284,-79.58%,"64,788","3,625","826,551",20200113
3,越南,鬼魅之家,2020/1/31,水元素文化傳媒有限公司,"SKYLINE MEDIA CO., LTD",17,"1,651",-13.92%,"379,771","3,569","825,638",20200203
70,美國,拍厲得,2019/11/8,車庫娛樂股份有限公司,WEINSTEIN GLOBAL FILM CORP.,1,56,55.56%,"8,040","3,736","822,462",20200106
5,日本,動畫電影版 我想吃掉你的胰臟,2020/1/10,車庫娛樂股份有限公司,ANIPLEX INC.,13,"2,006",51.40%,"481,837","3,331","806,411",20200113
7,泰國,這一次不再錯過你,2020/1/3,傳影互動股份有限公司,"CJ ENM CO.,LTD",24,"1,391",-28.67%,"314,702","3,341","761,763",20200106
44,中華民國,祭旗,2019/12/13,春暉映像有限公司,壹捌玖伍電影有限公司,1,4,-42.86%,750,"3,388","752,847",20200120
49,中華民國,祭旗,2019/12/13,春暉映像有限公司,壹捌玖伍電影有限公司,2,7,-95.04%,"1,595","3,384","752,097",20200113
42,中華民國,祭旗,2019/12/13,春暉映像有限公司,壹捌玖伍電影有限公司,4,141,-43.60%,"29,765","3,377","750,502",20200106
4,丹麥,在黑暗中漫舞：20週年數位修復版,2020/1/17,光年映畫有限公司,TRUSTNORDISK APS,13,"1,474",-17.70%,"325,135","3,398","744,699",20200120
73,南韓,加油吧 ! 李先生,2019/10/18,車庫娛樂股份有限公司,CONTENTS PANDA,1,16,-77.14%,"2,240","3,360","741,987",20200203
65,南韓,加油吧 ! 李先生,2019/10/18,車庫娛樂股份有限公司,CONTENTS PANDA,1,70,84.21%,"10,880","3,344","739,747",20200127
77,南韓,加油吧 ! 李先生,2019/10/18,車庫娛樂股份有限公司,CONTENTS PANDA,1,38,171.43%,"6,080","3,274","728,867",20200120
85,南韓,加油吧 ! 李先生,2019/10/18,車庫娛樂股份有限公司,CONTENTS PANDA,1,14,-75.00%,"2,100","3,236","722,787",20200113
83,南韓,加油吧 ! 李先生,2019/10/18,車庫娛樂股份有限公司,CONTENTS PANDA,1,56,64.71%,"8,480","3,222","720,687",20200106
77,義大利,上流世界,2019/4/19,海鵬影業有限公司,PATHE FILMS S.A.S.,1,3,0.00%,470,"3,203","699,547",20200127
60,日本,那一夜,2019/11/13,天馬行空數位有限公司,NIKKATSU CORPORATION,1,12,-93.48%,"2,580","3,144","696,265",20200120
68,日本,那一夜,2019/11/13,天馬行空數位有限公司,NIKKATSU CORPORATION,11,184,-76.65%,"39,057","3,132","693,685",20200113
68,日本,那一夜,2019/11/13,天馬行空數位有限公司,NIKKATSU CORPORATION,17,788,-56.80%,"164,787","2,948","654,628",20200106
92,法國,巴黎野玫瑰,2016/5/27,南強國際影視傳播有限公司,LE PETIT BUREAU,1,1,-90.00%,150,"2,787","630,035",20200203
81,法國,巴黎野玫瑰,2016/5/27,南強國際影視傳播有限公司,LE PETIT BUREAU,1,10,42.86%,"1,850","2,786","629,885",20200127
103,法國,巴黎野玫瑰,2016/5/27,南強國際影視傳播有限公司,LE PETIT BUREAU,1,7,0.00%,"1,480","2,776","628,035",20200120
37,美國,怨靈古堡,2019/12/20,車庫娛樂股份有限公司,GEM ENTERTAINMENT KFT.,2,14,-90.79%,"3,060","2,733","604,988",20200106
32,日本,時光沙漏,2019/12/27,提恩傳媒實業有限公司,PONY CANYON INC.,4,46,-77.23%,"11,020","2,461","597,979",20200120
35,日本,時光沙漏,2019/12/27,提恩傳媒實業有限公司,PONY CANYON INC.,6,202,-39.88%,"48,834","2,415","586,959",20200113
35,中華民國,海上花,2019/12/20,傳影互動股份有限公司,三三電影製作有限公司,1,82,-84.08%,"19,130","2,434","541,050",20200106
25,日本,時光沙漏,2019/12/27,提恩傳媒實業有限公司,PONY CANYON INC.,7,336,-63.91%,"81,393","2,213","538,125",20200106
38,中國大陸,吹哨人,2019/12/27,內容物數位電影製作有限公司,華文映像（北京）影業有限公司##珠海市洲際金瑪文化有限公司##北京和禾和文化傳媒有限責任公司##浙江火麥影視傳媒有限公司##中英電影文化基金有限公司##天津貓眼微影文化傳媒有限公司##溫和巨人媒體集團##天津十間影視傳媒有限公司##騰訊影業文化傳播有限公司##完美威秀娛樂（香港）有限公司 ##安樂影片有限公司##北京佳文映畫文化傳媒有限責任公司##墨客行影業(北京)有限公司##耳東文化（北京）有限公司,1,24,0.00%,"3,840","2,182","471,101",20200203
27,中國大陸,吹哨人,2019/12/27,內容物數位電影製作有限公司,華文映像（北京）影業有限公司##珠海市洲際金瑪文化有限公司##北京和禾和文化傳媒有限責任公司##浙江火麥影視傳媒有限公司##中英電影文化基金有限公司##天津貓眼微影文化傳媒有限公司##溫和巨人媒體集團##天津十間影視傳媒有限公司##騰訊影業文化傳播有限公司##完美威秀娛樂（香港）有限公司 ##安樂影片有限公司##北京佳文映畫文化傳媒有限責任公司##墨客行影業(北京)有限公司##耳東文化（北京）有限公司,13,125,-89.15%,"25,275","2,158","467,261",20200106
24,瑞典,然後我們跳了舞,2020/1/17,海鵬影業有限公司,TOTEM FILMS SAS,5,142,-67.05%,"31,225","2,160","457,255",20200203
17,俄羅斯,陰兒,2020/1/3,可樂藝術文創股份有限公司,REASON8 Films Ltd.,13,130,-85.43%,"29,335","2,036","456,070",20200113
8,俄羅斯,陰兒,2020/1/3,可樂藝術文創股份有限公司,REASON8 Films Ltd.,17,892,-12.03%,"196,735","1,906","426,735",20200106
16,瑞典,然後我們跳了舞,2020/1/17,海鵬影業有限公司,TOTEM FILMS SAS,9,431,-44.81%,"91,640","2,018","426,030",20200127
63,日本,新聞記者,2019/10/20,天馬行空數位有限公司,KADOKAWA CORPORATION,1,52,36.84%,"8,160","1,841","395,778",20200127
75,日本,新聞記者,2019/10/20,天馬行空數位有限公司,KADOKAWA CORPORATION,1,38,0.00%,"6,080","1,789","387,618",20200120
5,瑞典,然後我們跳了舞,2020/1/17,海鵬影業有限公司,TOTEM FILMS SAS,10,792,-1.74%,"169,640","1,598","336,550",20200120
40,日本,添好孕,2019/12/14,天馬行空數位有限公司,"Nagoya Broadcasting Network Co., Ltd,",2,2,-98.57%,440,"1,451","319,472",20200106
34,俄羅斯,舞力決戰,2019/12/27,原創娛樂股份有限公司,Disenire Ltd.,1,5,-54.55%,850,"1,332","305,292",20200120
27,中華民國,台北物語2-獲利者,2020/1/16,丰采公關行銷有限公司,丰采公關行銷有限公司##健友國際企業有限公司,1,63,152.00%,"14,040","1,330","305,165",20200203
25,中華民國,菠蘿蜜,2020/1/3,牽猴子整合行銷股份有限公司,蜂鳥影像有限公司##邊境映象藝文有限公司##高雄人,3,50,-77.78%,"11,695","1,353","305,069",20200120
37,俄羅斯,舞力決戰,2019/12/27,原創娛樂股份有限公司,Disenire Ltd.,2,11,-90.27%,"2,185","1,327","304,442",20200113
26,俄羅斯,舞力決戰,2019/12/27,原創娛樂股份有限公司,Disenire Ltd.,5,113,-84.31%,"25,940","1,316","302,257",20200106
108,加拿大,金錢性騙局,2019/6/21,佳映娛樂國際股份有限公司,Seville International,1,4,0.00%,640,"1,987","294,148",20200113
16,中華民國,菠蘿蜜,2020/1/3,牽猴子整合行銷股份有限公司,蜂鳥影像有限公司##邊境映象藝文有限公司##高雄人,4,225,-48.28%,"49,965","1,303","293,374",20200113
17,中華民國,台北物語2-獲利者,2020/1/16,丰采公關行銷有限公司,丰采公關行銷有限公司##健友國際企業有限公司,4,25,-89.45%,"5,740","1,267","291,125",20200127
8,中華民國,台北物語2-獲利者,2020/1/16,丰采公關行銷有限公司,丰采公關行銷有限公司##健友國際企業有限公司,15,237,-76.42%,"52,315","1,242","285,385",20200120
23,法國,星星知我心,2020/1/10,采昌國際多媒體股份有限公司,PATHE FILMS S.A.S,1,6,-88.00%,"1,400","1,249","265,400",20200127
18,法國,星星知我心,2020/1/10,采昌國際多媒體股份有限公司,PATHE FILMS S.A.S,5,50,-91.96%,"10,825","1,243","264,000",20200120
7,法國,星星知我心,2020/1/10,采昌國際多媒體股份有限公司,PATHE FILMS S.A.S,10,622,8.93%,"133,440","1,193","253,175",20200113
9,中華民國,菠蘿蜜,2020/1/3,牽猴子整合行銷股份有限公司,蜂鳥影像有限公司##邊境映象藝文有限公司##高雄人,4,435,-32.35%,"99,100","1,078","243,409",20200106
113,法國,醫生敲愛錢,2018/6/22,聯影企業股份有限公司,TF1 DROITS AUDIOVISUELS,1,4,0.00%,490,"1,208","242,690",20200113
4,日本,王牌辯士,2020/1/31,天馬行空數位有限公司,"TOEI COMPANY, LTD.",15,587,8.30%,"124,737","1,129","241,692",20200203
29,中華民國,你的情歌,2020/1/2,香港商甲上娛樂有限公司台灣分公司,奇想事企業有限公司##能率影業股份有限公司##香港商甲上娛樂有限公司台灣分公司 ##采昌國際多媒體股份有限公司  ##英屬維京群島商敦宜股份有限公司台灣分公司,2,785,0.00%,"200,100",907,"226,940",20200113
48,法國,巴黎小情聖,2019/12/13,鴻聯國際開發股份有限公司,Gaumont,1,2,-86.67%,400,985,"202,860",20200203
41,法國,巴黎小情聖,2019/12/13,鴻聯國際開發股份有限公司,Gaumont,1,15,-46.43%,"2,360",983,"202,460",20200127
42,法國,巴黎小情聖,2019/12/13,鴻聯國際開發股份有限公司,Gaumont,1,28,-6.67%,"4,300",968,"200,100",20200120
47,法國,巴黎小情聖,2019/12/13,鴻聯國際開發股份有限公司,Gaumont,1,30,0.00%,"4,800",940,"195,800",20200113
49,英國,給我一個參選的理由,2019/12/11,威秀影城股份有限公司,The Royal National Theatre,1,70,0.00%,"44,500",303,"193,580",20200203
36,挪威,外出偷馬,2019/12/20,捷傑有限公司,TRUSTNORDISK APS,1,25,-88.37%,"5,845",919,"193,464",20200106
54,英國,茱莉小姐,2019/12/4,威秀影城股份有限公司,The Royal National Theatre,3,29,-62.34%,"19,800",289,"188,060",20200203
63,義大利,黑金叛徒,2019/11/8,可樂藝術文創股份有限公司,The Match Factory GmbH,1,12,-83.33%,"1,800",854,"172,907",20200120
70,義大利,黑金叛徒,2019/11/8,可樂藝術文創股份有限公司,The Match Factory GmbH,1,72,111.76%,"10,960",842,"171,107",20200113
45,英國,茱莉小姐,2019/12/4,威秀影城股份有限公司,The Royal National Theatre,3,77,0.00%,"49,340",260,"168,260",20200127
72,義大利,黑金叛徒,2019/11/8,可樂藝術文創股份有限公司,The Match Factory GmbH,1,34,0.00%,"5,440",770,"160,147",20200106
36,英國,國王與我,2020/1/1,威秀影城股份有限公司,Trafalgar Releasing Limited,2,47,0.00%,"34,640",218,"156,760",20200203
29,法國,鹿皮奇談,2019/12/27,繁盛映畫有限公司,WTFilms,2,106,-70.88%,"23,020",706,"155,915",20200106
53,英國,哈利路亞！,2019/12/4,威秀影城股份有限公司,The Royal National Theatre,2,58,0.00%,"35,800",248,"155,440",20200203
82,義大利,新天堂樂園,2016/4/8,香港商甲上娛樂有限公司台灣分公司,CRISTAL DI FILM,1,2,-33.33%,560,862,"153,010",20200127
17,美國,Cunningham 機遇之舞,2020/1/10,天馬行空數位有限公司,Dogwoof Ltd,5,83,-78.39%,"18,295",717,"152,853",20200120
105,義大利,新天堂樂園,2016/4/8,香港商甲上娛樂有限公司台灣分公司,CRISTAL DI FILM,2,3,-82.35%,620,860,"152,450",20200120
116,義大利,新天堂樂園,2016/4/8,香港商甲上娛樂有限公司台灣分公司,CRISTAL DI FILM,2,17,183.33%,"3,300",857,"151,830",20200113
51,英國,給我一個參選的理由,2019/12/11,威秀影城股份有限公司,The Royal National Theatre,1,60,0.00%,"39,420",233,"149,080",20200113
119,義大利,新天堂樂園,2016/4/8,香港商甲上娛樂有限公司台灣分公司,CRISTAL DI FILM,2,6,-33.33%,"1,150",840,"148,530",20200106
115,加拿大,深海獵奇 3D,2019/2/3,國際電影事業有限公司,IMAX Corporation,1,0,-100.00%,0,"1,189","147,889",20200106
110,加拿大,深海獵奇 3D,2019/2/3,國際電影事業有限公司,IMAX Corporation,1,0,0.00%,0,"1,189","147,889",20200113
101,加拿大,深海獵奇 3D,2019/2/3,國際電影事業有限公司,IMAX Corporation,1,0,0.00%,0,"1,189","147,889",20200120
79,加拿大,深海獵奇 3D,2019/2/3,國際電影事業有限公司,IMAX Corporation,1,0,0.00%,0,"1,189","147,889",20200127
90,加拿大,深海獵奇 3D,2019/2/3,國際電影事業有限公司,IMAX Corporation,1,0,0.00%,0,"1,189","147,889",20200203
5,日本,只想受到你的歡迎,2020/1/31,天馬行空數位有限公司,Starry Cube Corporation,7,256,-19.75%,"62,930",575,"140,325",20200203
8,美國,Cunningham 機遇之舞,2020/1/10,天馬行空數位有限公司,Dogwoof Ltd,10,384,53.60%,"81,225",634,"134,558",20200113
36,巴西,竊竊屍語,2019/12/27,暗光鳥有限公司,STRAY DOGS,1,20,-81.65%,"4,180",614,"134,216",20200113
35,巴西,竊竊屍語,2019/12/27,暗光鳥有限公司,STRAY DOGS,1,0,-100.00%,0,614,"134,216",20200120
28,巴西,竊竊屍語,2019/12/27,暗光鳥有限公司,STRAY DOGS,4,109,-63.67%,"23,765",594,"130,036",20200106
28,加拿大,哥哥戀愛了，我怎麼辦!?,2020/1/15,亮點國際影業有限公司,Seville Pictures Inc,1,3,-94.44%,630,608,"127,705",20200203
20,加拿大,哥哥戀愛了，我怎麼辦!?,2020/1/15,亮點國際影業有限公司,Seville Pictures Inc,6,54,-60.00%,"11,210",605,"127,075",20200127
28,英國,國王與我,2020/1/1,威秀影城股份有限公司,Trafalgar Releasing Limited,5,49,-10.91%,"35,640",171,"122,120",20200120
57,英國,哈利路亞！,2019/12/4,威秀影城股份有限公司,The Royal National Theatre,1,54,5300.00%,"34,640",190,"119,640",20200113
57,英國,茱莉小姐,2019/12/4,威秀影城股份有限公司,The Royal National Theatre,1,52,0.00%,"32,720",183,"118,920",20200106
9,加拿大,哥哥戀愛了，我怎麼辦!?,2020/1/15,亮點國際影業有限公司,Seville Pictures Inc,7,135,-67.55%,"27,485",551,"115,865",20200120
30,阿根廷,幸福試用期,2019/12/27,佳映娛樂國際股份有限公司,LATIDO CONSORCIO DE EXPORTACION DEL CINE ESPANOL SL,3,39,-87.93%,"7,025",586,"114,914",20200106
6,日本,大整形家,2020/1/31,原創娛樂股份有限公司,"TOEI Company, Ltd.",6,194,-19.50%,"44,075",435,"101,470",20200203
30,英國,國王與我,2020/1/1,威秀影城股份有限公司,Trafalgar Releasing Limited,1,55,0.00%,"39,120",122,"86,480",20200113
58,英國,哈利路亞！,2019/12/4,威秀影城股份有限公司,The Royal National Theatre,1,1,-98.78%,680,136,"85,000",20200106
89,加拿大,哈柏太空之旅 3D,2019/2/4,國際電影事業有限公司,IMAX Corporation,1,2,-77.78%,660,589,"84,675",20200203
78,加拿大,哈柏太空之旅 3D,2019/2/4,國際電影事業有限公司,IMAX Corporation,1,9,900.00%,"1,290",587,"84,015",20200127
109,加拿大,哈柏太空之旅 3D,2019/2/4,國際電影事業有限公司,IMAX Corporation,1,16,1600.00%,"2,040",578,"82,725",20200113
100,加拿大,哈柏太空之旅 3D,2019/2/4,國際電影事業有限公司,IMAX Corporation,1,0,-100.00%,0,578,"82,725",20200120
114,加拿大,哈柏太空之旅 3D,2019/2/4,國際電影事業有限公司,IMAX Corporation,1,0,-100.00%,0,562,"80,685",20200106
15,美國,姊魅,2020/1/17,暗光鳥有限公司,RAVEN BANNER ENTERTAINMENT INC.,1,19,-88.13%,"4,040",366,"80,488",20200127
6,美國,姊魅,2020/1/17,暗光鳥有限公司,RAVEN BANNER ENTERTAINMENT INC.,4,160,-14.44%,"34,810",347,"76,448",20200120
106,南韓,霹靂嬌鋒,2019/8/16,車庫娛樂股份有限公司,"CJ ENM CO., LTD.",1,93,0.00%,"21,950",343,"76,100",20200106
19,英國,鬼眼逼人,2020/1/10,暗光鳥有限公司,DEVILWORKS LIMITED,4,22,-82.68%,"4,800",328,"72,169",20200120
9,英國,鬼眼逼人,2020/1/10,暗光鳥有限公司,DEVILWORKS LIMITED,4,127,-29.05%,"27,227",306,"67,369",20200113
17,俄羅斯,岳父受死吧,2020/1/23,麻吉砥加電影有限公司,REEL SUSPECTS S.A.R.L.,3,9,-94.04%,"1,925",291,"66,809",20200203
4,俄羅斯,岳父受死吧,2020/1/23,麻吉砥加電影有限公司,REEL SUSPECTS S.A.R.L.,11,151,15.27%,"35,286",282,"64,884",20200127
95,南韓,霹靂嬌鋒,2019/8/16,車庫娛樂股份有限公司,"CJ ENM CO., LTD.",1,5,0.00%,"1,050",255,"55,200",20200120
22,美國,鬼屋實錄：惡魔之家,2020/1/3,暗光鳥有限公司,KEW MEDIA INTERNATIONAL LIMITED,1,6,-94.17%,"1,320",199,"42,980",20200113
10,美國,鬼屋實錄：惡魔之家,2020/1/3,暗光鳥有限公司,KEW MEDIA INTERNATIONAL LIMITED,4,103,14.44%,"22,320",193,"41,660",20200106
19,中華民國,柯俊雄的電影人生,2020/1/15,駿繕企業有限公司,駿繕企業有限公司,1,2,-96.77%,440,176,"36,192",20200127
10,中華民國,柯俊雄的電影人生,2020/1/15,駿繕企業有限公司,駿繕企業有限公司,9,62,-44.64%,"12,880",174,"35,752",20200120
91,德國,NG你的人生,2019/9/12,暗光鳥有限公司,RAVEN BANNER ENTERTAINMENT INC.,1,5,0.00%,"1,030",154,"33,650",20200120
20,南韓,朝鮮花美男,2020/1/3,車庫娛樂股份有限公司,CONTENTS PANDA,2,9,-60.87%,"1,855",140,"30,635",20200113
7,日本,吸血黏土,2020/1/30,暗光鳥有限公司,"MONUMENT RELEASING, LLC",5,55,-32.93%,"11,520",137,"29,296",20200203
20,南韓,朝鮮花美男,2020/1/3,車庫娛樂股份有限公司,CONTENTS PANDA,2,23,-78.70%,"5,475",131,"28,780",20200106
111,日本,當愛沉睡時,2018/10/1,車庫娛樂股份有限公司,(韓國)M-LINE DISTRIBUTION,2,3,-75.00%,600,145,"26,655",20200113
116,日本,當愛沉睡時,2018/10/1,車庫娛樂股份有限公司,(韓國)M-LINE DISTRIBUTION,3,12,-74.47%,"2,665",142,"26,055",20200106
1,中華民國,還有一些樹,2020/1/4,蜂鳥影像有限公司,蜂鳥影像有限公司,1,67,39.58%,"14,725",115,"25,400",20200106
18,南韓,國際市場：半世紀的諾言,2020/1/3,車庫娛樂股份有限公司,(韓國)CJ E&M CORPORATION,3,23,-53.06%,"5,015",96,"20,510",20200113
21,南韓,鳳梧洞戰役,2020/1/3,車庫娛樂股份有限公司,SHOWBOX CORP.,2,6,-83.78%,"1,445",94,"20,140",20200113
12,南韓,鳳梧洞戰役,2020/1/3,車庫娛樂股份有限公司,SHOWBOX CORP.,2,37,-27.45%,"7,990",88,"18,695",20200106
11,南韓,國際市場：半世紀的諾言,2020/1/3,車庫娛樂股份有限公司,(韓國)CJ E&M CORPORATION,3,49,104.17%,"9,995",73,"15,495",20200106
24,南韓,我們與愛的距離,2020/1/3,車庫娛樂股份有限公司,CONTENTS PANDA,2,3,-85.71%,655,51,"11,155",20200113
13,南韓,我們與愛的距離,2020/1/3,車庫娛樂股份有限公司,CONTENTS PANDA,3,21,-22.22%,"4,685",48,"10,500",20200106
117,南韓,大叔,2010/1/1,車庫娛樂股份有限公司,OPUS PICTURES,2,9,-55.00%,"1,870",48,"10,045",20200113
1,法國,大鼻子情聖(經典劇場),2020/2/1,威秀影城股份有限公司,Path? Live,4,14,0.00%,"9,680",14,"9,680",20200203
19,南韓,孩子的自白,2020/1/3,車庫娛樂股份有限公司,"LOTTE CULTUREWORKS CO., LTD.",2,8,-50.00%,"1,900",45,"9,565",20200113
21,南韓,大叔,2010/1/1,車庫娛樂股份有限公司,OPUS PICTURES,2,20,5.26%,"4,070",39,"8,175",20200106
16,南韓,孩子的自白,2020/1/3,車庫娛樂股份有限公司,"LOTTE CULTUREWORKS CO., LTD.",3,16,-23.81%,"3,380",37,"7,665",20200106
25,南韓,單身三人行,2020/1/3,車庫娛樂股份有限公司,CONTENTS PANDA,2,3,-84.21%,620,32,"6,915",20200113
14,南韓,單身三人行,2020/1/3,車庫娛樂股份有限公司,CONTENTS PANDA,3,19,90.00%,"4,410",29,"6,295",20200106
27,南韓,我們的美好時光,2020/1/3,車庫娛樂股份有限公司,CONTENTS PANDA,2,2,-88.24%,290,25,"5,185",20200113
23,南韓,再見，未成年,2020/1/3,車庫娛樂股份有限公司,SHOWBOX CORP.,2,4,-73.33%,875,24,"5,060",20200113
15,南韓,我們的美好時光,2020/1/3,車庫娛樂股份有限公司,CONTENTS PANDA,3,17,183.33%,"3,590",23,"4,895",20200106
17,南韓,再見，未成年,2020/1/3,車庫娛樂股份有限公司,SHOWBOX CORP.,2,15,200.00%,"3,190",20,"4,185",20200106
19,南韓,我的爸媽好性福,2020/1/3,車庫娛樂股份有限公司,M-LINE DISTRIBUTION,3,8,-20.00%,"1,280",18,"3,605",20200106
28,南韓,我的爸媽好性福,2020/1/3,車庫娛樂股份有限公司,M-LINE DISTRIBUTION,1,0,-100.00%,0,18,"3,605",20200113
26,南韓,她的名字叫薔薇,2020/1/3,車庫娛樂股份有限公司,STUDIO BONANZA INC.,2,2,-75.00%,445,15,"3,140",20200113
18,南韓,她的名字叫薔薇,2020/1/3,車庫娛樂股份有限公司,STUDIO BONANZA INC.,3,8,60.00%,"1,745",13,"2,695",20200106
